feature,mutual_info
ws,0.6812667017503045
wg,0.6809184714885324
H0a10n2,0.4476935438947187
Q0a4,0.40826655337872575
birth,0.40826655337872575
H0a4,0.3839632124215768
H0a10n1,0.3292793455539553
H0a10n3,0.30696203447466086
H0a11n1_미혼,0.2815377450049299
DM8_다인가구,0.27843769323226475
DM81_다인가구,0.27843769323226475
H0a2_다인 가구,0.27843769323226475
DM81_1인가구,0.2782273597621998
H0a11n2_(결측),0.2782273597621998
DM82_1인가구,0.2782273597621998
DM8_1인가구,0.2782273597621998
H0a5n2_(결측),0.2782273597621998
DM16_1인가구,0.2782273597621998
H0a9n2_(결측),0.2782273597621998
H0a2_1인 가구,0.2782273597621998
H0a12n2_(결측),0.2782273597621998
H0a13n2_(결측),0.2782273597621998
H0a13n2_없음,0.26680799868047966
"H0a11n2_기혼(배우자 있음, 사실혼 포함)",0.2517677900327713
Q12a1b1,0.25009008094453433
DM5_미혼,0.24556015939391918
"H0a11n1_기혼(배우자 있음, 사실혼 포함)",0.2423573800551604
H0a11n3_(결측),0.23285255452597697
H0a13n3_(결측),0.23285255452597697
H0a12n3_(결측),0.23285255452597697
H0a9n3_(결측),0.23285255452597697
H0a5n3_(결측),0.23285255452597697
H0a13n3_없음,0.22618532970671845
H0a11n3_미혼,0.22199251188406555
DM15_해당 없음,0.2184565312405966
H0a3_해당 없음,0.2184565312405966
DM16_부부+자녀가구,0.21816236652890675
MHQ4,0.2148583123895902
MQ4,0.21428524491140477
Q5_2_해당 없음(기혼),0.20747200738177884
"DM5_기혼(배우자 있음, 사실혼 포함)",0.20747200738177884
H0a9n2_여,0.1907825860643615
Q5_3_(결측),0.17786778708974849
Q12a2b1,0.17570986289263235
H0a5n3_미혼 자녀,0.17410274073188425
"DM172_빈둥지가구(한 명이라도 60대 이상인 부부가구거나 60대 이상, 이혼/별거/사별한 1인가구)",0.15651940427036815
H0a12n3_중졸 이하,0.14526305187919686
DM172_해당 없음,0.14458081829036917
DM171_해당 없음,0.14458081829036917
DM23_18~34세,0.14193308118155334
DM22_19~34세,0.14193308118155334
Q24,0.13954889324164643
Q5_2_있다,0.13699406571468575
Q20a1b1,0.12954745004062884
Q10_3a2,0.1258503440070151
MQ2,0.12543979707294817
MHQ2,0.12515933053022676
Q5_3_비해당,0.12419706542098563
MQ1,0.12310810936455363
MHQ1,0.12224569135853969
DM23_65세 이상,0.12084812076082319
DM22_65세 이상,0.12084812076082319
Q5_3_있다,0.11940201036089615
H0a5n1_본인,0.1170720659072666
Q9a2_⑤ 매우 능숙함,0.11490791087751173
DM25_베이비붐세대,0.11344980994317222
Q23m1_활동 없음,0.11116699040977807
H1op,0.10747067073151362
DM15_맞벌이 가구,0.10731591846072108
H0a3_맞벌이,0.10731591846072108
H0a5n2_본인 또는 배우자의 부모(장인/장모/시부모),0.1072015772285031
Q20a2b2,0.10661947920604797
Q15_5_(결측),0.1065925748019021
Q15_4_(결측),0.1065925748019021
Q15_2_(결측),0.1065925748019021
Q15_1_(결측),0.1065925748019021
Q15_통근·통학을 하지 않는다,0.1065925748019021
DM9_5년 미만,0.10585943533455566
H1_없다,0.10544709140313335
DM161_영유아 자녀 없음,0.10544709140313335
H1_있다,0.10531692395363024
DM161_영유아 자녀 있음,0.10531692395363024
Q20a1b2,0.10387474757407844
DM21_20대 이하,0.10332621568040645
DM2_19-29세,0.10332621568040645
DM25_Z세대,0.10332621568040645
H0a5n1_본인 또는 배우자의 부모(장인/장모/시부모),0.10314355973786071
MODE_TAPI,0.10272445887429571
DM25_밀레니얼/M세대,0.1026348578443037
MODE_웹,0.10263240032863319
H9_1r2_(결측),0.10086552355794431
H9_1r1_(결측),0.10086552355794431
H9_부채 없음,0.10086552355794431
H9_부채 있음,0.10072867678389441
DM24_20-29세,0.10022222749250842
DM171_부부가구(부부 중 한 명이라도 60대 이상),0.09906141800833757
DM16_부부가구,0.0974096036293548
Q9a1_⑤ 매우 능숙함,0.09489820783476821
H0a12n2_대학(4년제) 졸업,0.09395677854821027
Q15_통근(직장 출근)을 한다,0.09266322443490305
DM82_3인가구,0.09225360110764091
H0a9n3_여,0.0921591472033918
Q20a2b1,0.08943489968302964
Q15_3a2,0.0876439826390909
DM82_2인가구,0.08644481489503297
H7_자가(자기집),0.08534994634702331
DM11_자가,0.08534994634702331
Q9a5_⑤ 매우 능숙함,0.08426880987526308
H0a12n2_고졸,0.08311044565908166
H0a9n3_남,0.0828985422085542
DM23_50~64세,0.08264758774733982
H0a5n3_본인,0.08044570884206648
Q9a4_⑤ 매우 능숙함,0.07924033448528833
DM82_4인가구,0.077961027691964
DM23_35~49세,0.074886996022971
DM2_70대 이상,0.073842909105728
DM21_70대 이상,0.073842909105728
DM24_70대 이상,0.073842909105728
DM4_고졸,0.07144544467749858
Q12a1b2,0.07085099836389253
Q12a2b2,0.07061552348875333
H0a5n2_본인의 배우자,0.0702096505676777
Q9a3_⑤ 매우 능숙함,0.0692829765556322
H0a5n1_본인의 배우자,0.06795915225595373
Q18a1_⑥,0.0676614041511523
Q38a3_⑥,0.0666879710113748
DM24_60대,0.0656755223314569
DM21_60대,0.0656755223314569
DM2_60대,0.0656755223314569
DM4_대학(4년제) 졸업,0.0652804532382465
DM24_30대,0.06498841685654311
DM21_30대,0.06498841685654311
DM2_30대,0.06498841685654311
H0a12n1_대학(4년제) 졸업,0.06469668831266917
Q11a4_소득  없음,0.061801216768172296
Q10_1_상용직 임금근로자,0.06154261128735605
DM121_상용직 임금근로자,0.06154261128735605
Q38a1_⑥,0.061255685127421966
Q10_그렇다,0.06088416835044752
Q11a1_소득  없음,0.06072521525138752
DM12_무직,0.06067179912722498
DM122_무직,0.06067179912722498
Q10_아니다,0.06067179912722498
Q10_1_(결측),0.06067179912722498
DM121_무직,0.06067179912722498
Q10_5_(결측),0.06067179912722498
Q10_4_(결측),0.06067179912722498
Q10_2_(결측),0.06067179912722498
Q1a5_① 전혀 그렇지 않다,0.0606461517907424
H9_1r1_거주주택 마련,0.0605958644207214
Q9a3_① 매우 미숙함,0.059631573903389246
Q45_3a9_⑥,0.058969596110709954
Q18a3_⑥,0.05847112069457738
DM32_영통구 광교1동,0.05682235176251149
H0a5n2_본인,0.05665210213924876
Q51_1a2_그렇다,0.05582685177866553
Q51_1a2_아니다,0.05578238128440072
Q27a1_⑥,0.05459012752546588
DM9_10~20년 미만,0.05352674837351534
Q17a1_⑥,0.053320808655620056
H0a12n1_고졸,0.05321337108226176
SCORE2_만족,0.05278420887626911
Q60a9_⑦ 매우 중요하다,0.05272295150962325
Q51_2a2_그렇다,0.052722485067855374
Q51_2a2_아니다,0.052706583494053216
DM7_5년 미만,0.051634305754006515
Q10_2_전일제,0.049545051764892545
DM32_팔달구 매교동,0.049380103540197506
Q19a1_⑥,0.0485971627518742
Q25m2_(결측),0.048489790117264064
Q45_3a3_⑥,0.048382483260241305
SCORE2_보통,0.04792235291003255
Q61_④ 보통,0.04792235291003255
Q9a2_① 매우 미숙함,0.04772918420097261
Q4a1_⑥,0.0471698113994532
DM171_기타(60대 이상이며 이혼/별거/사별한 1인가구),0.04684752038475981
DM11_월세,0.04682577461198978
Q4a3_④ 보통,0.0467812012102784
Q22m1_활동 없음,0.04647202391213412
Q9a5_① 매우 미숙함,0.04639933546408992
Q25m1_없음,0.0462744380077571
H7_보증금 있는 월세,0.04622065572113776
Q36_1a2_⑦ 적극적으로 실천한다,0.04603638293087631
Q38a1_④ 보통,0.04602343339668513
H9_1r1_전(월)세 보증금 마련,0.04509805156945035
Q59a1_⑦ 매우 중요하다,0.04495229396486522
Q60a5_⑦ 매우 중요하다,0.04465780303589639
Q59a1_④ 보통,0.04451139010435767
Q4a10_⑥,0.0443255603101087
DM13_200만원 이상 ~ 300만원 미만,0.044107565671941185
H8_200만원 이상 ~ 300만원 미만,0.044107565671941185
Q60a11_⑦ 매우 중요하다,0.04352275675281492
Q19a2_④ 보통,0.04340443632764668
Q18a3_④ 보통,0.04333505802762572
DM21_40대,0.04332499369808218
DM24_40대,0.04332499369808218
DM2_40대,0.04332499369808218
Q11a4_100만원 미만,0.043145462945400226
Q4a5_④ 보통,0.0429764213232664
SCORE1_관심 많음,0.042808143309692515
Q36_1a1_⑦ 적극적으로 실천한다,0.04250353936229434
Q59a8_④ 보통,0.04228099090239068
Q39a1_⑥,0.041924357686239144
Q1a6_① 전혀 그렇지 않다,0.041516470605371225
Q51_2a3_그렇다,0.04119494545902258
Q51_2a1_그렇다,0.04118332570328942
Q51_2a1_아니다,0.04116845669921476
Q51_2a3_아니다,0.0411185577063784
Q9a1_① 매우 미숙함,0.04074180202068467
Q21a1_⑥,0.04066779930125941
DM7_50년 이상,0.04059808472142734
Q11a1_200~ 300만원 미만,0.04055821503604706
Q60a8_⑦ 매우 중요하다,0.04055061129834403
Q59a2_④ 보통,0.04054559176919703
Q4a3_⑥,0.040326540303831315
DM22_35~64세,0.04011119893468562
DM5_사별,0.0400035028848742
Q45_3a5_⑥,0.03992693485905141
Q9a4_① 매우 미숙함,0.03982430625747302
Q39a3_⑥,0.03954331600085004
Q59a12_⑦ 매우 중요하다,0.03940558693805096
Q19a2_⑥,0.03934144162161468
H2a1_⑤ 매우 긍정적,0.03908516291003483
DM32_권선구 세류2동,0.03905579671736259
Q23m1_온라인 게임,0.03903339147190943
Q10_5_사무 종사자,0.038931306947803
DM12_사무 종사자,0.038931306947803
Q25m3_(결측),0.03863521194296782
H0a3_외벌이,0.03836461607180697
DM15_외벌이 가구,0.03836461607180697
Q59a5_⑦ 매우 중요하다,0.038362227174542074
Q44a1_전혀 없었음,0.03828237109334687
Q51_1a3_그렇다,0.03807957497269632
Q51_1a3_아니다,0.038017735166008926
Q51_1a1_그렇다,0.03795795644626532
Q51_1a1_아니다,0.037901634959875974
Q18a5_⑥,0.03780866300219765
Q60a1_⑦ 매우 중요하다,0.03779678761023453
Q57_④ 보통,0.03756612916792745
Q17a6_⑥,0.03743167986239282
Q60a2_⑦ 매우 중요하다,0.037254105969650286
Q15_3a1,0.036965968864928644
Q18a6_⑥,0.0368760740023526
DM4_중졸 이하,0.03676552749087536
Q46_⑥,0.03671070535136778
Q1a7_① 전혀 그렇지 않다,0.0365872194142427
"Q45_2_아동 지원(아동돌봄, 교육 및 체험 지원, 학대예방 등)",0.036433192736894604
Q2a5_⑤ 보통,0.036419051640987465
Q61_⑥,0.03630771559644774
Q42_③ 보통이다,0.035912443045075015
Q45_3a2_⑤,0.035853576586770686
H2a2_⑤ 매우 긍정적,0.03578362953401282
Q60a3_④ 보통,0.035697726233186344
Q1a1_⑥,0.03564786401381648
Q27a2_⑥,0.035639315586839526
Q45_3a6_④ 보통,0.03541465127621457
Q59a11_⑦ 매우 중요하다,0.03536330394107745
Q3_건강,0.035195506847770286
Q4a4_⑥,0.03496445855484964
Q38a2_⑦ 매우 안전하다,0.03458649164565797
DM25_베이비붐세대 이전,0.03439924885503309
Q59a4_⑦ 매우 중요하다,0.03431370934207356
Q17a3_⑥,0.03430257705777384
Q9a4_③ 보통,0.034239767827480616
Q27a2_④ 보통,0.03412089419013009
H0a12n2_전문대 졸업,0.033975543675383246
Q1a3_⑥,0.0337163876459714
Q59a5_④ 보통,0.033505895807194985
Q22m2_(결측),0.03344798953973216
H3_1r2_(결측),0.03330163798535857
H3_1r1_(결측),0.03330163798535857
Q50a1_⑥,0.033278560206635444
Q59a2_⑦ 매우 중요하다,0.033021291344320414
Q41_④ 위험이 약간 줄어들 것이다,0.03293278232748875
Q5_3_없다,0.03284134605227562
H10r1_사교육비,0.03282900021114976
H8_100만원 이상 ~ 200만원 미만,0.03269096655000947
DM13_100만원 이상 ~ 200만원 미만,0.03269096655000947
Q4a5_⑦ 매우 만족한다,0.03227377008270871
"Q15_1_서울, 인천 등 경기도 외 지역",0.03212666287991128
Q18a1_⑤,0.03209488068939681
Q49a1_⑦ 매우 신뢰한다,0.031886472312684155
Q50a4_⑥,0.03179962199983066
H0a1_아파트,0.03177117689367126
Q59a8_⑦ 매우 중요하다,0.03175228721455614
H0a1_그 외,0.0317264040829226
"Q13_가족(함께 거주, 출생, 결혼, 분가 등)",0.03167892831990704
DM10_아파트,0.03157066281747234
H6_아파트,0.03157066281747234
Q60a7_④ 보통,0.031567706001114804
Q5_2_없다,0.031541857136031304
Q1a4_⑥,0.03135508817412447
Q2a2_⑨,0.03134764838360127
Q36_1a4_⑦ 적극적으로 실천한다,0.03128741430034676
Q59a2_⑤,0.03126318627424318
Q17a5_④ 보통,0.031246567399481506
Q4a2_⑦ 매우 만족한다,0.03108353422965937
Q59a7_⑦ 매우 중요하다,0.031053266565629123
Q44_1r2_(결측),0.03094718930252638
Q15_4_⑤,0.030684022755423257
Q59a9_④ 보통,0.030557930643723807
Q59a12_④ 보통,0.030486394472063694
Q45_3a1_⑥,0.02993294671775626
H0a12n3_대학(4년제) 졸업,0.029875698562331188
Q62_1op_(결측),0.029827677415736886
Q44a2_일주일 미만,0.029682176227100232
Q58_④ 많은 편이다,0.02967613589254503
DM7_5~10년 미만,0.029440238217245174
Q45_3a4_⑥,0.029406266556133875
Q60a3_⑥,0.02920660316008572
Q45_3a7_⑥,0.029189755074714885
Q21a2_⑥,0.02914762734503107
Q59a11_④ 보통,0.02899248062959403
Q10_1_고용원이 없는 자영업자,0.02894462305020351
DM121_고용원이 없는 자영업자,0.02894462305020351
Q60a4_⑦ 매우 중요하다,0.028942570834854298
Q0a5_없음,0.02892727518577054
DM6_무교,0.02892727518577054
Q45_3a2_⑦ 매우 충분하다,0.02890690318752487
Q49a5_① 전혀 신뢰하지 않는다,0.02887289658665715
Q45_3a8_⑥,0.02863667908028633
Q60a3_⑦ 매우 중요하다,0.0285495828645681
Q50a3_⑥,0.02846512662580203
"Q45_1_아동 대상 시설(어린이집, 다함께 돌봄센터 등)",0.028368059179278315
Q16_자차(승용차),0.02789557018885258
DM33_광교생활권,0.027881891630053612
Q9a2_③ 보통,0.02786376252894396
Q45_3a7_⑦ 매우 충분하다,0.027602493747850954
Q59a1_⑥,0.02759540227261903
Q4a5_⑥,0.02755170195455703
Q59a10_⑦ 매우 중요하다,0.02733381414574554
DM24_50대,0.027200900067182676
DM2_50대,0.027200900067182676
DM21_50대,0.027200900067182676
Q17a1_④ 보통,0.027081217432556315
Q4a7_⑥,0.02707111339830348
Q17a3_④ 보통,0.02698953925842762
Q59a4_④ 보통,0.026911647325778443
Q44a6_전혀 없었음,0.026763187012819767
Q59a6_⑦ 매우 중요하다,0.02673005541639384
Q48_1_2-3일에 한번,0.026699936499436472
Q60a9_④ 보통,0.02668036004011931
Q45_3a8_⑦ 매우 충분하다,0.026457139435425603
DM122_대기업,0.026456126687335324
Q10_4_대기업,0.026456126687335324
Q51_1a5_그렇다,0.02640575869556505
Q51_1a5_아니다,0.026402070029383662
Q15_2_자차(승용차),0.026348707172366037
Q25m4_(결측),0.026337141410127884
Q4a9_⑥,0.026268021136128805
Q44a1_일주일 미만,0.02624965337728824
Q60a1_⑤,0.026226484464733968
Q59a9_⑦ 매우 중요하다,0.02614500980136425
H0a12n1_중졸 이하,0.026140524519241204
Q36_4a2_⑥,0.02613302347395985
Q2a3_⑤ 보통,0.026092721278845765
Q53_④ 보통,0.026089021022176695
Q38a3_④ 보통,0.026068818662762006
DM25_X세대,0.025989442830790743
Q60a11_④ 보통,0.025895959974391314
H3a1_② 대체로 그렇다,0.025895915548619364
Q33a1_②,0.02588069053130493
Q36_4a3_⑦ 적극적으로 실천한다,0.025841862439194063
Q32_⑤ 매우 만족한다,0.025803424011957343
Q4a9_④ 보통,0.02578581131002844
DM3_장안구,0.02578163335319239
DM31_장안구,0.02578163335319239
Q9a1_③ 보통,0.025781587548292073
Q0a5_기독교(개신교),0.025703937310904923
DM6_기독교,0.025703937310904923
Q3_행복한 가정,0.02568424915606249
Q30a1_맨손체조나 공원 내 운동기구 이용,0.025594373648704316
Q30a1_어린이 놀이터 이용,0.02549018600273323
Q51_3a5_아니다,0.025484159880536872
Q49a1_⑥,0.025442402103685424
Q4a6_④ 보통,0.02542072336301615
Q60a1_⑥,0.025375384549508606
Q51_3a5_그렇다,0.025362626423625745
Q15_4_⑥,0.02531697954648582
H10r2_사교육비,0.025316514138260082
Q1a2_④ 보통,0.025275450527776133
Q27a1_④ 보통,0.024937450272586315
Q4a1_④ 보통,0.024910348187788145
"Q45_1_노인 대상 시설(노인복지관, 경로당, 치매센터 등)",0.02484863310025265
Q9a3_②,0.02481906175918036
Q48_2_2-3일에 한번,0.024740813089580982
Q59a3_④ 보통,0.024695126038241533
Q60a1_④ 보통,0.02466729432384218
Q51_1a4_그렇다,0.02464142269443448
Q51_1a4_아니다,0.024624228908528778
Q48_1_하루에 한번,0.024617382369092056
Q18a5_③,0.024564630222731587
"H0a5n3_본인 또는 배우자의 형제, 자매",0.02451314540663363
H9_1r2_생활비 마련,0.024456605245096075
Q57_⑥,0.024456548488839935
DM7_30~40년 미만,0.02445509318939898
Q36_4a2_⑦ 적극적으로 실천한다,0.024440058808714138
Q38a4_⑦ 매우 안전하다,0.024319951693580588
Q45_4r1_일자리 지원,0.02425883651084293
Q17a1_⑤,0.02421862428632071
"Q14_1_가족, 지인 거주",0.02400138102221394
Q44_1r2_종교활동,0.023993531527063627
Q15_1_현재 살고 있는 동,0.023890598591839396
Q17a4_⑤,0.02384947248901037
Q43_④ 매우 이용하기 쉽다,0.02382474275734925
Q51_3a4_아니다,0.02370979350375002
Q32_③ 보통이다,0.023698718336711444
Q51_2a5_아니다,0.023630205308587726
Q51_2a5_그렇다,0.023594600747651295
Q51_3a4_그렇다,0.023582204656045658
Q18a2_⑥,0.023573268534138325
Q44a2_전혀 없었음,0.023370683581732
Q18a1_④ 보통,0.02332323233043132
Q45_4r1_보호 및 돌봄요양 지원,0.023268470835112076
Q34_내용과 의미를 잘 알고 있다,0.023157141231135103
Q15_4_④ 보통,0.023055769407022808
Q2a4_⑤ 보통,0.022974913970166266
Q36_4a1_④ 보통,0.022916571878146552
Q44_1r1_아무것도 하지 않는다,0.02287628553362797
Q15_1_현재 살고 있는 구 내 다른 동,0.02280886366128687
Q49a4_① 전혀 신뢰하지 않는다,0.022756188354670748
Q2a1_⑥,0.02275615110420004
DM3_영통구,0.02273365705460373
DM31_영통구,0.02273365705460373
Q59a7_⑤,0.022720364397176063
Q44a3_전혀 없었음,0.02262561651762196
Q1a2_⑥,0.02260568152528597
Q17a6_⑤,0.022496480463937374
Q39a2_⑥,0.022495516828999307
Q60a6_⑥,0.022457786329523444
"Q13_생활여건(교통, 문화, 편의시설 등)",0.022376004765244595
Q9a5_②,0.02237582555366835
Q2a3_⑨,0.022352543686372073
Q55m1_종교 모임,0.022348447375038827
H8_600만원 이상 ~ 700만원 미만,0.022218714940299034
DM13_600만원 이상 ~ 700만원 미만,0.022218714940299034
Q54a1_정기적으로 진행했다,0.02218996491674874
"Q25m1_운동경기장（축구, 농구，야구 등）",0.02217209305176615
Q45_3a9_⑦ 매우 충분하다,0.02204017752551657
DM33_남수원생활권,0.02199294080136527
Q60a10_⑦ 매우 중요하다,0.021879069785452288
Q36_4a4_⑦ 적극적으로 실천한다,0.021831705786133693
Q36_2a2_⑦ 적극적으로 실천한다,0.021738484551248938
Q60a3_⑤,0.02166368370792604
Q47a1_있다,0.021630346995086036
Q25m1_생활권공원(근린공원，소공원，어린이공원 등),0.021576439276135062
Q41_② 위험이 다소 커질 것이다,0.021505150505537696
Q59a11_⑥,0.021470414636142632
Q28_매일(주 4회 이상),0.021394786994648918
Q45_4r1_정신건강 및 심리정서 지원,0.021260474286270092
Q60a5_⑥,0.021032084617546243
Q45_3a3_⑦ 매우 충분하다,0.020977326078756242
Q36_2a1_비해당,0.02092475273324368
Q45_3a6_⑦ 매우 충분하다,0.020889135915930446
H0a11n1_사별,0.020841520283634285
Q15_5_많은 환승 횟수,0.02081724542015939
Q11a5_100만원 미만,0.020810115975653076
Q33a5_④ 보통,0.020773987773492042
Q1a1_④ 보통,0.020754464982700505
Q9a2_②,0.020748849355101573
Q60a10_④ 보통,0.020740850018124313
Q44a4_전혀 없었음,0.02073505914245599
Q36_2a3_① 전혀 실천하지 않는다,0.02073131196766642
Q60a10_⑥,0.020724387254199783
Q9a5_③ 보통,0.020405366644018486
Q59a7_⑥,0.02038779168928606
Q36_1a1_⑥,0.020345206660590698
"Q45_2_1인가구 지원(생활편의, 돌봄지원 등)",0.020328047065103938
Q4a2_④ 보통,0.020218810038795
H10r3_사교육비,0.020186304132311594
Q18a4_③,0.02010135460819784
Q4a1_⑦ 매우 만족한다,0.02007842001434401
Q47a1_없다,0.020074308636591986
Q32_(결측),0.020061930210278245
Q31_없다,0.020061930210278245
Q4a10_⑤,0.02006021615142206
Q31_있다,0.02005468255419185
Q38a4_⑥,0.020042257877688208
Q45_3a3_④ 보통,0.0200150594545363
Q36_3a1_⑦ 적극적으로 실천한다,0.01996218861063115
Q49a1_⑤,0.019954721179328505
Q4a8_⑦ 매우 만족한다,0.019899502618776488
Q11a1_300~ 400만원 미만,0.019835245570521298
"Q30a2_배드민턴장, 축구장 등 시설 이용",0.019768622432587257
H3a2_① 매우 그렇다,0.01973487988592515
DM12_관리자,0.019722291073543285
Q10_5_관리자,0.019722291073543285
Q21a2_④ 보통,0.01971859888241756
Q36_2a1_⑦ 적극적으로 실천한다,0.019691182634584248
"H3_1r1_자녀 돌봄 시설이 좋아서(어린이집, 유치원, 초등 돌봄 등)",0.019677908134499322
Q60a4_④ 보통,0.01949850853789492
Q60a5_⑤,0.01946830914927311
Q26r2_여가활동을 같이 할 사람이 없음,0.019440194779897446
Q45_3a5_⑦ 매우 충분하다,0.019439901298130113
Q49a3_① 전혀 신뢰하지 않는다,0.019416171344140754
Q14_거주할 의향이 없다,0.019364003469853674
Q14_1_(결측),0.019364003469853674
Q60a9_⑤,0.019347023747387393
Q14_거주할 의향이 있다,0.01927557651644074
Q5_1_직장불안정 또는 일자리 부족,0.01925699400530201
Q60a5_④ 보통,0.019161281393694107
Q44a6_일주일 미만,0.019150053560852864
Q33a2_②,0.019087927135036598
Q18a4_④ 보통,0.019040383137007844
Q33a1_④ 보통,0.019007087543541523
Q62_2op_Others,0.01899642947054847
Q11a5_소득  없음,0.01890941068735774
Q19a2_⑦ 매우 만족한다,0.018907284228985688
Q2a3_⑧,0.018875516370229217
Q36_1a3_⑦ 적극적으로 실천한다,0.018790731757897028
Q27a2_⑦ 매우 그렇다,0.018629488219490842
Q4a5_③,0.01859540623345124
Q51_3a1_그렇다,0.01851702636455199
Q51_3a1_아니다,0.01850517811019925
H2a2_잘 모르겠다,0.018481202541086983
Q62_1op_Others,0.018476069992355626
Q36_2a3_⑥,0.018407735377470757
Q17a2_⑥,0.01838458743437421
Q56_⑤ 매우 충분하다,0.018306548789561727
"Q55m1_동창회, 향우회 혹은 종친회",0.01829154517061049
Q39a2_④ 보통,0.01827164106128265
Q36_3a2_⑥,0.01822660674681309
"H3_1r2_위치, 교통이 좋아서(직장, 양육시설 접근성 등)",0.018150741578325746
Q38a5_⑥,0.018103904105790214
DM33_북수원생활권,0.018056578310532867
Q45_3a9_⑤,0.01803324883349422
Q1a1_⑦ 매우 그렇다,0.017977251250074655
Q33a3_③,0.017898909550195796
Q4a10_⑦ 매우 만족한다,0.017848474438165507
Q17a3_③,0.01775547680813494
Q4a8_③,0.017667340637755657
Q18a5_⑦ 매우 만족한다,0.017645468450146584
Q1a1_⑤,0.01745567860471997
Q37r1_탄소 흡수원으로서 공원 및 녹지조성 확대,0.017450374678317004
Q34_‘탄소중립’이라는 용어를 처음 듣는다,0.017432741487293235
DM7_10~20년 미만,0.017304271713240116
DM13_500만원 이상 ~ 600만원 미만,0.017288082253609893
H8_500만원 이상 ~ 600만원 미만,0.017288082253609893
Q45_3a2_⑥,0.017283722256289824
Q36_2a3_⑤,0.017254180508893047
Q33a5_① 전혀 심각하지 않다,0.017205633229668393
Q36_2a1_⑥,0.0172053266833192
Q43_③ 다소 이용하기 쉽다,0.01715568439630788
Q44_1r1_게임이나 인터넷을 활용한 오락활동,0.01713408644406389
Q17a2_③,0.017110666633707527
Q17a5_③,0.017039188228110014
"Q35_불편하지 않으나, 동참할 필요성은 없다",0.017036210715630773
Q44a3_일주일 미만,0.016910653916054397
Q54a2_진행한 적 없다,0.016895216206810115
Q59a9_⑤,0.016875479916135028
Q49a4_②,0.01684996317780163
Q45_3a8_④ 보통,0.016841516899325004
H3a1_① 매우 그렇다,0.01678089505917102
Q38a3_⑦ 매우 안전하다,0.01674492656995552
DM32_영통구 영통3동,0.016696491461898777
Q39a2_⑦ 매우 만족한다,0.016613688963629247
Q36_3a3_⑥,0.016553624868290928
Q38a5_⑦ 매우 안전하다,0.016411132093376413
Q4a6_⑦ 매우 만족한다,0.016388311986826665
Q36_1a4_④ 보통,0.016356955944887286
Q26r1_여가활동을 하기에 경제적 여유가 없음,0.01633652618144632
H4_아니오,0.01629194156293723
Q36_2a1_③,0.016279918909433366
Q60a6_④ 보통,0.016234662315007586
H4_예,0.016153270813615617
DM14_⑧,0.016117897190574215
Q52_⑧,0.016117897190574215
Q8_준비하고 있다,0.01610629014894638
Q8_준비하고 있지 않다,0.01603365367873355
Q8_1m1_(결측),0.01603365367873355
Q60a6_⑦ 매우 중요하다,0.016007566511705207
Q60a8_④ 보통,0.015972717786342905
DM32_권선구 호매실동,0.01593235725021458
Q2a4_⑧,0.015918857127573016
"Q23m1_대중공연 관람(쇼, 콘서트, 마술쇼 등)",0.015814764236681267
DM14_④,0.015780193929802788
Q52_④,0.015780193929802788
H0a12n3_전문대 졸업,0.015748841502042588
H2a1_잘 모르겠다,0.015746689883707088
Q32_2_(결측),0.015732556627435113
Q17a2_④ 보통,0.015678840883224243
DM13_300만원 이상 ~ 400만원 미만,0.01543496584791848
H8_300만원 이상 ~ 400만원 미만,0.01543496584791848
Q45_4r1_주거 관련 지원,0.01541054037017231
"H3_1r2_자녀 교육 환경이 좋아서(학교, 학군, 학원 등)",0.01539351326596261
H0a12n2_대학원 졸업 이상,0.015315028835453326
DM32_권선구 권선2동,0.015304873691806442
Q3_사회적 성공,0.01529840334614363
Q2a4_④,0.01529130336031459
Q50a2_②,0.015224023257800479
DM13_800만원 이상 ~ 900만원 미만,0.015222817632231322
H8_800만원 이상 ~ 900만원 미만,0.015222817632231322
Q36_4a4_⑤,0.015220915711479766
Q26r2_(결측),0.015194531293001301
Q26r1_어려움을 느낀 점이 없음,0.015194531293001301
Q9a1_④,0.015126876408933843
Q30a2_벤치나 정자 등 휴식시설 이용,0.015115234361970042
"Q13_직업(취업, 사업, 직장이전 등)",0.015080740974803497
"Q13_자연여건(건강, 녹지, 전원생활 등)",0.015058244236098695
Q59a10_⑤,0.015053795682763216
Q50a3_① 전혀 동의하지 않는다,0.015046930246677359
Q30a2_어린이 놀이터 이용,0.015026108175017594
Q40_비해당(거주기간 5년 미만),0.015019341976353573
Q50a1_③,0.014998692872370434
Q62_1op_친환경정책,0.014994702270564098
Q39a1_④ 보통,0.014994512934748183
Q51_2a4_아니다,0.014989271115196434
"Q22m1_극장에서 영화 관람(TV, 컴퓨터를 이용한 영화 제외)",0.014957446228814675
Q44a5_전혀 없었음,0.01490596787530718
Q17a2_⑤,0.014889169678120595
Q45_3a9_④ 보통,0.014868819801049593
Q18a4_⑦ 매우 만족한다,0.014865199537121399
Q51_2a4_그렇다,0.014817215496624403
Q38a2_③,0.014811746749670007
Q51_3a2_아니다,0.014773080991644871
Q51_3a2_그렇다,0.014772535794828734
Q4a9_⑦ 매우 만족한다,0.014764727647252673
Q9a1_②,0.014760548578813815
Q4a10_③,0.014732461134717934
"DM13_1,000만원 이상",0.014725768953154805
"H8_1,000만원 이상",0.014725768953154805
H3a1_④ 별로 그렇지 않다,0.014699540399318423
Q36_2a2_⑥,0.014692979469386636
Q17a4_⑥,0.014684697659668178
Q33a4_⑦ 매우 심각하다,0.014585860814379625
Q9a3_③ 보통,0.014571127463596678
Q59a11_⑤,0.014503951611313237
Q18a6_⑤,0.014493450856338796
Q54a1_진행한 적 없다,0.014415630801359214
DM32_Others,0.014357256045651301
H2a1_③ 보통,0.014353458029933375
Q1a7_④ 보통,0.014322594920400888
Q17a5_⑦ 매우 잘 구축되어 있다,0.014284453764951799
Q37r1_탄소중립 포인트제도 확대 및 탄소중립 지원센터 운영,0.014280713275216073
Q59a6_④ 보통,0.014252748218861466
Q44_1r2_게임이나 인터넷을 활용한 오락활동,0.014243286782732234
Q38a1_⑦ 매우 안전하다,0.01422017847116619
"Q45_2_가족 지원(출산지원, 다자녀가정지원, 조손/저소득한부모가족 지원 등)",0.014138824223726587
Q2a4_⑨,0.01412886894105192
Q45_3a6_⑥,0.014126795642492418
H6_단독주택(다가구 포함),0.014047788126520633
DM10_단독주택,0.014047788126520633
Q25m2_산(자연공원 포함),0.014039832420738918
"Q14_1_학교, 직장, 사업장 위치",0.01403217255172251
Q36_1a2_④ 보통,0.014004869994696634
Q33a3_① 전혀 심각하지 않다,0.013971861453148993
Q4a3_③,0.013953135925841131
Q2a1_⑤ 보통,0.013924746145539846
Q18a5_④ 보통,0.013912168554338855
Q17a5_⑤,0.013843898633834506
Q4a8_⑥,0.01383889443425268
DM5_이혼,0.013835947612219623
Q4a3_⑦ 매우 만족한다,0.013815388221067426
Q36_3a1_④ 보통,0.013803389035924152
Q14_1_교통수단 편리,0.013721342818242999
Q45_3a7_④ 보통,0.01371639001889502
Q38a2_④ 보통,0.013648434796357467
Q36_2a2_②,0.01363203075735031
Q59a3_⑦ 매우 중요하다,0.013594597079062964
H10r3_통신비,0.013592083756198914
"DM13_900만원 이상 ~ 1,000만원 미만",0.0135903835104072
"H8_900만원 이상 ~ 1,000만원 미만",0.0135903835104072
Q60a2_④ 보통,0.013580797216484086
Q36_4a1_③,0.013521473424155772
Q15_2_지하철,0.013378094420848363
Q33a6_②,0.013371556765219061
Q33a2_⑤,0.013368328644842276
DM82_5인이상가구,0.0132504779553142
Q45_3a8_⑤,0.013200565955171939
Q39a3_④ 보통,0.01319161492094123
Q36_2a1_① 전혀 실천하지 않는다,0.013174949185076557
Q49a2_④ 보통,0.013086742401382967
Q27a2_⑤,0.013080480081332002
Q38a4_④ 보통,0.013056624175811216
"Q22m1_야외문화행사(축제, 거리예술, 공공예술 등 관람)",0.013047917407107423
H3a2_③ 보통이다,0.013036635676456854
Q33a4_① 전혀 심각하지 않다,0.012985423021264708
Q45_3a4_⑦ 매우 충분하다,0.012956965070798798
Q2a5_⑨,0.012888459203928004
Q42_④ 나쁘다,0.012862039033942896
Q45_3a1_⑦ 매우 충분하다,0.012842491874737405
Q59a1_⑤,0.012833135936809015
Q44a5_거의 매일,0.012809687433265271
Q39a3_③,0.012762048113338587
DM9_20년 이상,0.01273422048299322
DM32_영통구 광교2동,0.012647084095663619
Q59a7_④ 보통,0.012643239082696045
Q60a9_⑥,0.012611961186807186
Q60a6_⑤,0.012602996649478282
"Q16_시내버스, 마을버스",0.012578199540670187
Q40_④ 위험이 약간 줄었다,0.012575458966272546
DM122_공사 등 공기업,0.01256843992253387
Q10_4_공사 등 공기업,0.01256843992253387
Q48_2_하루에 한번,0.012500931486300715
Q42_② 좋다,0.01250048969900508
Q59a5_⑤,0.012494457645892965
"Q22m2_박물관 관람(역사, 일상생활, 문화 등)",0.0124390473460263
Q47a2_있다,0.012337210095533457
DM32_장안구 정자3동,0.012271984416560855
Q59a10_④ 보통,0.012217684561757203
Q10_3a1,0.01215401578088171
Q46_③,0.01214256323132501
Q17a4_⑦ 매우 잘 구축되어 있다,0.012105089170202366
Q36_3a3_③,0.01209443952421152
DM32_권선구 구운동,0.01206519158635988
Q40_⑤ 위험이 많이 줄었다,0.012059892145763751
Q29_어린이공원 및 소공원,0.012031889394234163
Q36_4a3_⑥,0.012025621090813399
Q46_④ 보통,0.01201011105396832
Q36_1a4_⑥,0.011980829975382967
Q18a2_④ 보통,0.011968971123416772
Q60a7_⑥,0.011968732816893812
Q50a2_④ 보통,0.0119520858052935
Q33a5_②,0.011946237248968039
Q33a6_① 전혀 심각하지 않다,0.011940583231107471
Q4a6_⑥,0.011926182753186243
H7_전세(월세 없음),0.011901957009796238
DM11_전세,0.011901957009796238
H0a12n1_대학원 졸업 이상,0.011898253791214675
Q4a10_④ 보통,0.011884181718038178
Q36_2a3_비해당,0.011875491041977604
Q2a2_⑥,0.01186946087781271
Q33a1_① 전혀 심각하지 않다,0.011849303482407425
Q50a1_⑦ 매우 동의한다,0.011836137390806911
Q1a2_⑦ 매우 그렇다,0.01179294313016932
Q30a1_산책이나 달리기,0.011706753196224273
Q60a8_⑤,0.011706360426543494
DM4_대학원 졸업 이상,0.01170318899377909
Q45_3a1_④ 보통,0.011702908949020596
Q6_주거 지원 확대,0.01169968511336883
Q19a1_⑦ 매우 만족한다,0.011693644802635017
DM32_영통구 망포1동,0.011561956550857122
"Q8_1m2_보험(종신보험, 암보험 등)",0.01152684938545434
DM33_영통생활권,0.011515950299500144
Q56_④ 충분하다,0.011505880627364462
Q33a2_③,0.011472937637368119
H0a12n3_고졸,0.011471717576293283
H2a2_③ 보통,0.011383012518130897
Q39a1_⑤,0.011356196118278206
"H10r2_주거비(월세, 이자, 공과금 포함)",0.011351998361836202
Q54a2_비정기적으로 진행했다,0.011300996639213245
"Q44_1r1_혼식, 혼주(먹고 마시는 행동)",0.011286582441899728
DM32_영통구 원천동,0.011277245839153238
Q47a2_없다,0.011263208417200854
DM32_팔달구 화서1동,0.011231749285878667
Q21a1_① 매우 부족하다,0.011226233766053806
Q38a1_③,0.011134312198262108
Q10_4_중소기업,0.011108849644504204
DM122_중소기업,0.011108849644504204
Q59a2_⑥,0.011084063099374486
"Q22m1_미술관, 전시회 관람(미술, 사진, 건축, 디자인 등)",0.011033631708690539
H8_100만원 미만,0.011022714879908246
DM13_100만원 미만,0.011022714879908246
Q50a5_⑥,0.010987740174013716
SCORE1_관심 없음,0.010948888434663573
Q21a2_②,0.01094244152825885
Q60a4_⑤,0.010925386810068272
Q59a3_⑥,0.010897840758822941
Q36_1a3_④ 보통,0.010870611094149663
Q1a5_④ 보통,0.010870564770816937
Q36_2a2_③,0.010846413130843224
Q44a4_일주일 미만,0.010821350747735714
Q59a6_③,0.01073228958173944
Q19a1_④ 보통,0.01070662950172796
H10r2_경조사비,0.010698123403173998
Q6_다자녀 혜택 확대,0.010693148316362588
"Q37r2_대중교통 인프라 확대 및 편의성 증진, 자전거 이용 기반시설 확충",0.010657567424215308
Q4a9_②,0.010656472900939296
Q59a3_③,0.010621560716725043
Q36_4a2_④ 보통,0.010578975210905561
Q36_2a3_⑦ 적극적으로 실천한다,0.010543432666298092
Q58_③ 보통이다,0.010542640638036449
SCORE1_보통,0.010542640638036449
Q36_4a3_②,0.01054250942711299
Q1a4_④ 보통,0.010482577273730254
Q59a8_③,0.010463626594297004
Q37r3_탄소 흡수원으로서 공원 및 녹지조성 확대,0.01041971336506231
Q2a2_⑦,0.010400370283746962
Q60a7_⑦ 매우 중요하다,0.010393033739897639
Q33a2_① 전혀 심각하지 않다,0.010390304383558924
Q36_2a1_⑤,0.010376933042659076
Q17a1_⑦ 매우 잘 구축되어 있다,0.010376736568100231
Q60a2_⑤,0.010346395173355116
"Q37r2_‘재생에너지’(태양열, 풍력 등 청정에너지) 확대",0.010330594248759262
"Q45_2_어르신 지원(노인돌봄, 노인일자리, 노인 여가 및 문화 지원 등)",0.010327217664672705
Q57_⑤,0.010320599883910209
H3a2_④ 별로 그렇지 않다,0.010308793498221114
Q44a2_일주일 이상,0.010301488017516292
Q4a4_⑦ 매우 만족한다,0.010295002140203735
H10r1_식비(외식비 포함),0.010191426637478074
Q4a4_④ 보통,0.010146556608235269
Q30a1_벤치나 정자 등 휴식시설 이용,0.010138615738022327
DM10_주택 외 거주,0.010085064115330056
"H6_주택 외 거주(오피스텔, 고시원, 상가, 공장 등)",0.010085064115330056
Q50a5_③,0.010062738910278757
Q17a6_②,0.010023979892372026
Q15_4_③,0.00995913744664012
Q39a2_③,0.00993001636112778
H10r3_의류구입비,0.009913774672625664
"Q15_2_시내버스, 마을버스",0.009910347655959217
Q36_2a3_③,0.009904791021976944
Q36_4a4_④ 보통,0.00986365711547288
Q36_3a1_③,0.009863067818159266
Q38a2_⑥,0.009861794733041496
"Q22m2_무용공연 관람(현대무용, 발레 등)",0.009827409740918114
DM6_불교,0.009817429842398973
Q0a5_불교,0.009817429842398973
Q45_4r2_주거 관련 지원,0.009816484254518087
Q49a6_④ 보통,0.009790237025213866
Q50a1_④ 보통,0.009788065872426976
Q21a1_②,0.009737831201300118
Q36_3a2_⑦ 적극적으로 실천한다,0.009734271556224527
Q18a3_⑦ 매우 만족한다,0.009728923156870017
Q15_1_수원시 외 경기도 다른 시,0.009728276163821992
Q26r2_여가활동을 위한 여유시간이 없음,0.009711834032640532
H10r3_경조사비,0.00965882224595438
H3a1_③ 보통이다,0.009623393049148277
Q15_통학(학교 등교)을 한다,0.009619898750612865
"Q32_2_시설이 다양해서(운동기구, 어린이 놀이터 등)",0.009432013606615719
Q36_4a1_⑦ 적극적으로 실천한다,0.009384988514567816
Q4a8_⑤,0.009366993416951797
Q33a6_⑦ 매우 심각하다,0.009349021085977682
Q33a4_③,0.009341122291001813
Q62_2op_청년복지,0.009307057851029032
Q1a5_⑦ 매우 그렇다,0.009272072811640442
Q36_1a3_⑥,0.009262108833212324
H0a9n2_남,0.009250866844277894
"Q25m1_차 없는 거리(나혜석 거리, 수원역 로데오거리)",0.009204367450371898
Q55m1_없음,0.009186248985699308
DM3_팔달구,0.009184494734717497
DM31_팔달구,0.009184494734717497
Q2a4_⑩ 가장 행복한 상태,0.009180288080619992
Q45_3a2_① 매우 부족하다,0.009174746622050645
H0a12n2_중졸 이하,0.009169234060666387
Q18a6_④ 보통,0.009157615212973536
Q62_1op_거리가 깨끗하다,0.009105326011281
"Q25m2_주제공원(역사공원, 수변공원, 체육공원 등)",0.009098483650237466
Q33a5_⑦ 매우 심각하다,0.009063168362926532
Q17a4_③,0.009056185248985216
Q36_3a2_③,0.00902732282678853
Q44a1_일주일 이상,0.008970566635532418
DM32_장안구 정자1동,0.00896937711536383
Q36_3a1_① 전혀 실천하지 않는다,0.008928502572437047
Q41_③ 현재와 비슷할 것이다,0.008917142993870364
Q1a5_③,0.008888551369686581
Q36_3a3_⑦ 적극적으로 실천한다,0.008878560615316555
Q25m4_식물원,0.008866054544722779
Q36_1a1_③,0.008846207144883156
Q4a8_④ 보통,0.008844795206239375
DM3_권선구,0.008785244610356457
DM31_권선구,0.008785244610356457
Q49a5_③,0.008736080197974339
DM13_700만원 이상 ~ 800만원 미만,0.008733376937710702
H8_700만원 이상 ~ 800만원 미만,0.008733376937710702
Q18a6_⑦ 매우 만족한다,0.008722185623629919
Q37r3_친환경차 보급 및 충전인프라 확대,0.008709453452867777
DM7_40~50년 미만,0.008693010990863836
Q45_3a1_⑤,0.008666897152796782
Q26r1_이동을 위한 교통편 미흡,0.008655997018542472
Q18a6_③,0.008649946551487098
Q36_3a1_⑤,0.008586184138459352
Q4a7_④ 보통,0.008573145039961538
Q56_① 전혀 충분하지 않다,0.008553692908648713
"H3_1r1_안전해서(치안, 유해시설, 폭력, 교통안전 등)",0.008547311824825599
Q36_1a3_⑤,0.008546928970973422
H10r2_통신비,0.008542405901304395
Q1a3_③,0.008532256664135485
Q11a2_100만원 미만,0.008488080446073631
Q38a4_③,0.008478389112458018
Q62_2op_환경문제,0.0084171226311609
Q26r2_이동을 위한 교통편 미흡,0.0084011427237356
"Q35_불편하지만, 동참해야 한다",0.008377832695127818
H10r3_의료비,0.008368122012402779
H9_1r2_증권 등 투자금 마련,0.00833340220614387
Q2a1_⑨,0.008315445052934578
Q22m1_연극공연 관람(뮤지컬 포함),0.008295053893457194
Q33a3_⑦ 매우 심각하다,0.008280102873607031
H2a2_④,0.008277623207811224
Q50a6_① 전혀 동의하지 않는다,0.008270072492507552
H0a9n1_남,0.008252993965467414
H0a11n1_이혼,0.008225306411242972
Q59a10_③,0.008201319385996442
H0a9n1_여,0.008190176508145353
DM172_부부 중 한 명이라도 60대 이상이며 미혼자녀 동거,0.00818668666474176
DM171_부부 중 한 명이라도 60대 이상이며 미혼자녀 동거,0.00818668666474176
Q45_3a4_④ 보통,0.008155972870782069
DM33_화성생활권,0.008143958371510607
Q36_4a4_②,0.008117325075763127
Q2a5_⑧,0.008115565674050806
Q15_4_① 전혀 만족하지 않는다,0.008063699848269934
DM12_기능원 및 관련 기능 종사자,0.008057137822334415
Q10_5_기능원 및 관련 기능 종사자,0.008057137822334415
Q25m3_캠핑장,0.00803285782879426
Q36_4a3_③,0.008019292124576527
Q50a6_⑦ 매우 동의한다,0.008001745868403631
Q37r2_탄소중립 포인트제도 확대 및 탄소중립 지원센터 운영,0.007968068153607177
Q50a5_⑦ 매우 동의한다,0.007870656678920618
Q60a10_⑤,0.007818496606553094
Q45_3a5_① 매우 부족하다,0.007784879434542535
Q25m3_식물원,0.007762711662963273
Q60a6_②,0.007752998126987709
Q45_3a8_③,0.007723184656875048
Q5_1_초혼 연령 상승,0.007721184055638819
"H3_1r1_위치, 교통이 좋아서(직장, 양육시설 접근성 등)",0.007637399102528697
Q47a3_있다,0.007632817834126726
Q32_② 다소 불만족한다,0.00762791761726378
Q25m2_학교운동장,0.007619335270307559
Q38a1_① 전혀 안전하지 않다,0.007617561291829222
DM12_전문가 및 관련 종사자,0.0075886293741489474
Q10_5_전문가 및 관련 종사자,0.0075886293741489474
Q39a3_②,0.0075834990058387675
Q6_기타,0.007571629632648236
Q2a3_⑥,0.007525607455959982
Q60a3_③,0.0075028282807290125
Q62_2op_교통,0.007466417846985429
Q44a5_일주일 이상,0.0073778333535532425
Q59a11_②,0.007360383801195969
Q45_4r2_보호 및 돌봄요양 지원,0.007336932496694981
Q37r2_탄소중립을 위한 교육·홍보 확대,0.007335792778990324
H10r2_의료비,0.0073008880309761714
Q45_4r1_보육 및 교육 지원,0.007291574987364768
Q36_1a2_②,0.007281776498351711
Q42_① 매우 좋다,0.007264394593671231
DM32_팔달구 화서2동,0.007263648477117357
Q17a6_⑦ 매우 잘 구축되어 있다,0.007258995286062664
Q62_2op_교통문제,0.007234840889469574
Q1a3_④ 보통,0.007164844381319924
H9_1r2_결혼자금 마련,0.007163500058599226
Q15_5_차내 혼잡,0.0071258878238320555
DM14_⑤ 중간,0.007121525942884066
Q52_⑤ 중간,0.007121525942884066
H9_1r2_거주주택 이외 부동산 마련,0.007116815479713878
Q39a3_⑤,0.007103245436405281
Q25m3_아파트 내(집주변) 공터,0.0070575729458877134
"Q25m2_수원화성(행궁, 행리단길, 화성성곽)",0.007037916123047161
"H10r1_주거비(월세, 이자, 공과금 포함)",0.007032383922131125
"Q8_1m2_은행 저축(적금, 예금, 주식, 펀드 등)",0.00701310930802812
Q28_1개월에 1~3회,0.00701035028804764
Q1a3_① 전혀 그렇지 않다,0.007009093918009857
Q49a1_④ 보통,0.00699241338415213
"Q22m1_서양 고전 음악공연 관람(클래식, 오페라 등)",0.006976776000648055
Q39a1_③,0.006959558112222375
Q11a2_소득  없음,0.006915282570687076
Q49a4_③,0.006896588189961417
Q45_3a2_④ 보통,0.0068908770973652445
Q4a7_⑦ 매우 만족한다,0.006880726450355201
Q59a10_⑥,0.006855846987751324
Q49a6_⑤,0.006820356147582363
Q39a1_⑦ 매우 만족한다,0.00681352770743926
Q39a3_⑦ 매우 만족한다,0.006788946044147703
H9_1r2_전(월)세 보증금 마련,0.006756092214420306
Q0a5_천주교,0.006690503899959399
DM6_천주교,0.006690503899959399
DM32_장안구 파장동,0.006669054267866681
Q4a7_③,0.006656143939690384
Q50a3_②,0.006644050755523434
DM32_영통구 영통1동,0.006640783060876565
DM4_전문대 졸업,0.0066150903808934736
Q50a5_④ 보통,0.006590923133003468
Q33a3_②,0.006583046242779389
DM32_장안구 율천동,0.006560107258470005
Q27a1_②,0.006544404059973807
DM16_부(모)+자녀가구,0.006543317335986565
Q45_4r1_신체건강 및 보건의료 지원,0.006539794539346833
Q58_① 전혀 없다,0.006517776699868083
Q56_② 충분하지 않다,0.00651638731177151
Q59a5_②,0.0065163354231216886
Q45_3a6_⑤,0.006504131846374328
DM32_권선구 평동,0.0065038907005621205
Q18a2_⑦ 매우 만족한다,0.006500056576554503
Q36_1a3_②,0.006471758622955903
Q28_1년에 1~3회,0.00644154431305255
Q60a10_③,0.006437699201840452
Q10_4_중견기업,0.006434851053068513
DM122_중견기업,0.006434851053068513
Q17a4_④ 보통,0.006404066083689486
H9_1r2_교육비 마련,0.0063824250189372655
Q15_5_개인형 이동수단 반납장소 및 거치대 미흡,0.006378613544193001
"Q32_2_편의시설이 좋아서(벤치, 화장실 등)",0.006373276984271037
Q60a2_③,0.006368553204185279
Q8_2_100-200만원 미만,0.006350455089943363
Q45_3a9_③,0.006296706361884841
Q36_2a3_④ 보통,0.006267028276498721
Q26r2_여가활동이 귀찮고 피곤함,0.006257202580349119
Q59a9_⑥,0.006255063665038474
Q49a3_②,0.006248256475931413
Q44_1r1_종교활동,0.006248165958390395
Q44a1_거의 매일,0.006244392755258232
Q33a6_③,0.006187875478801619
Q33a3_④ 보통,0.006170394173929061
Q8_2_300-400만원 미만,0.006143063579152841
Q45_3a4_⑤,0.006139211022152757
H9_1r2_기타,0.00610528082383377
Q1a4_⑦ 매우 그렇다,0.006090941506363912
Q50a2_⑦ 매우 동의한다,0.006089384885545446
Q59a7_③,0.006075214059996448
Q49a4_⑥,0.0060684775002219915
Q50a6_⑥,0.006053035634973725
H9_1r2_부채상환,0.006024443037464966
Q59a8_⑤,0.006019518058224982
Q39a3_① 전혀 만족하지 않다,0.005994594937106967
Q49a5_⑦ 매우 신뢰한다,0.0059832187736508224
Q59a9_③,0.00598046702546684
Q49a3_⑦ 매우 신뢰한다,0.005907308818484225
"Q45_2_다문화 지원(한국어교욱, 취업지원 등)",0.005904792832516659
Q36_3a2_① 전혀 실천하지 않는다,0.00588677104730051
Q25m2_생활권공원(근린공원，소공원，어린이공원 등),0.005879139963438806
Q62_1op_교통이 편리하다,0.005867060781565403
Q59a9_②,0.005834735420003234
Q44a4_거의 매일,0.005822040348319568
Q58_⑤ 매우 많다,0.0058204919998061655
Q50a1_②,0.005804480319511196
"Q37r1_‘재생에너지’(태양열, 풍력 등 청정에너지) 확대",0.005796473596658025
Q15_5_높은 이용요금,0.0057452012636161065
Q62_2op_일자리 창출,0.00574149877663066
Q1a6_⑥,0.005734206812991527
Q57_① 전혀 자부심을 느끼지 않는다,0.005728435794059017
Q62_2op_인구 감소,0.005715934075439577
Q19a1_⑤,0.0056247583589481565
"Q44_1r2_취미활동(독서, 영화감상, 여행 등)",0.00561022248603793
"H3_1r2_자녀 돌봄 시설이 좋아서(어린이집, 유치원, 초등 돌봄 등)",0.005590170516953652
Q36_4a2_②,0.005565530557625653
Q37r1_물 재이용 확대,0.005557310595844633
DM32_권선구 서둔동,0.005553781496775656
Q8_2_400-500만원 미만,0.005547721103382752
Q45_3a3_③,0.005540195979931717
DM33_서수원생활권,0.00548837499397159
Q3_좋은 인간관계,0.005482522005548773
Q7_수원시 내 인구 변화 없을 것으로 예상함,0.005422721331922009
Q18a4_⑤,0.005416623267438414
Q62_1op_도로가. 깨끗하다,0.005408293335483094
Q11a4_100~ 200만원 미만,0.005386741975902609
DM9_5~10년 미만,0.00535976782955494
Q40_③ 5년 전과 비슷하다,0.005352771318354765
Q59a5_③,0.0053422580475182
"Q22m2_전통예술공연 관람(국악, 민속놀이 등)",0.005318701863772812
H0a13n2_있음,0.005315735812511324
Q4a1_②,0.005311823608616706
Q62_2op_안전문제,0.005307355745903575
Q38a3_⑤,0.005298814742931146
Q26r2_여가활동을 하기에 건강이 좋지 않음,0.005278751642324941
Q27a2_① 전혀 그렇지 않다,0.00526196204305629
Q18a2_⑤,0.005260468804914709
Q4a3_⑤,0.005246078669559839
Q36_2a2_⑤,0.0052447880296782046
Q50a2_⑥,0.005211147607696365
Q18a6_②,0.005210608830863439
Q50a4_③,0.005187842274267496
Q47a3_없다,0.005157368807154672
"Q15_2_개인형 이동수단(전동휠, 킥보드, 전기자전거 등)",0.0051539583661388555
"Q25m4_주제공원(역사공원, 수변공원, 체육공원 등)",0.005137894698188372
Q52_①,0.005122700556273507
DM14_①,0.005122700556273507
Q50a4_④ 보통,0.005103637890835344
"Q22m1_대중공연 관람(쇼, 콘서트, 마술쇼 등)",0.0050973295567087185
DM12_단순노무 종사자,0.005083904990653032
Q10_5_단순노무 종사자,0.005083904990653032
Q4a1_① 전혀 만족하지 않는다,0.005075234521788374
Q27a1_① 전혀 그렇지 않다,0.005045755074549074
Q21a2_⑦ 매우 충분하다,0.005041939270642892
Q25m3_생활권공원(근린공원，소공원，어린이공원 등),0.005040968415878755
Q49a6_③,0.0050219700842246695
Q59a6_⑥,0.005017002627540013
H10r1_공교육비,0.005005050965119828
Q2a5_①,0.005002509282474588
Q17a6_④ 보통,0.004999970526355035
H6_연립·다세대 주택,0.004952766681261878
DM10_연립다세대주택,0.004952766681261878
Q50a2_① 전혀 동의하지 않는다,0.004945576621731451
Q59a1_③,0.004932197436705366
Q45_3a6_① 매우 부족하다,0.0048889495388277915
Q4a4_③,0.004886369721385897
Q60a8_③,0.004861624822927624
Q37r3_탄소중립 포인트제도 확대 및 탄소중립 지원센터 운영,0.004850571457510444
Q40_② 위험이 약간 커졌다,0.004823466607643656
Q36_4a1_②,0.004806657475517007
Q36_1a4_③,0.004799385455540595
Q25m1_재래시장,0.004786133091961187
"Q37r3_대중교통 인프라 확대 및 편의성 증진, 자전거 이용 기반시설 확충",0.004783125305466207
Q60a6_③,0.004761128020158267
Q26r1_활동에 적합한 장소나 시설 부족,0.004707128376310266
Q18a3_②,0.004671151086559799
DM32_팔달구 인계동,0.004668134028388504
Q4a6_③,0.004649437833106784
Q47a3_비해당,0.004648963804712025
Q2a1_⑩ 가장 행복한 상태,0.004616951722905327
DM32_장안구 연무동,0.0045970370074694955
Q16_지하철,0.004569080386856328
Q60a8_②,0.0045489060818155735
Q2a1_②,0.004546117057280252
Q53_②,0.004521338176218581
Q53_⑤,0.004520665219408748
"Q44_1r2_혼식, 혼주(먹고 마시는 행동)",0.004497326043334748
H10r1_문화생활/오락비,0.00446845149948949
"H10r2_차량유지비(할부, 리스 포함)",0.00446801380086681
Q45_3a9_②,0.004457031873438488
Q17a3_⑦ 매우 잘 구축되어 있다,0.004440822667296285
Q19a2_⑤,0.0044405267851961305
"Q30a1_배드민턴장, 축구장 등 시설 이용",0.004420046014587342
Q36_2a2_① 전혀 실천하지 않는다,0.004404233826122983
Q62_1op_일자리,0.004401267677165421
"Q29_산책로(하천변, 가로숲길 등)",0.0043904694860548155
Q45_3a3_① 매우 부족하다,0.0043471354379622795
H10r1_생필품 구입비,0.004322063394110565
Q60a11_②,0.004316122504126607
Q45_3a4_③,0.0043089973512171476
"H3_1r1_편의시설이 좋아서(의료, 문화, 쇼핑 등)",0.004291688148414519
Q21a2_① 매우 부족하다,0.004253856173867199
Q11a3_소득  없음,0.004244674760241374
Q1a6_⑦ 매우 그렇다,0.004243508968508447
Q59a12_③,0.004242785151622908
Q1a6_②,0.004225413909046072
Q2a3_③,0.004218016539159208
Q36_1a1_④ 보통,0.004196006944722885
Q62_1op_녹지조성,0.004172361890669052
"H10r3_차량유지비(할부, 리스 포함)",0.004168333663678414
Q36_2a1_②,0.004155233577253004
H9_1r2_사업자금(영농자금 포함)마련,0.004155015995896516
H9_1r1_생활비 마련,0.004148261548289955
Q25m2_캠핑장,0.004107849715885958
Q18a1_① 전혀 만족하지 않는다,0.004106186538850309
Q25m1_산(자연공원 포함),0.004100285528250591
Q36_4a3_④ 보통,0.004097757059827067
Q2a2_ⓞ 가장 불행한 상태,0.004090842350247037
Q36_3a2_②,0.004087249418109007
Q44a4_일주일 이상,0.00407023560942088
Q62_2op_(결측),0.004067756979241555
Q44_1r1_친목모임,0.004054846280368896
Q17a2_⑦ 매우 잘 구축되어 있다,0.004045292304391435
Q34_내용을 들어본 적이 있다,0.004010018577990326
Q17a6_③,0.003998134174170165
Q45_3a9_① 매우 부족하다,0.003958184430127076
Q25m1_식물원,0.003951576744793073
Q50a6_③,0.003928329836996092
Q26r1_여가활동이 귀찮고 피곤함,0.003901635954861593
Q4a4_⑤,0.0038448341207395487
"Q25m1_근대거리(향교로, 구 경기도청 일원)",0.003835496436548791
H10r3_식비(외식비 포함),0.0038232283191010907
"Q45_1_가족대상시설(건강가족지원센터, 다문화가족지원센터 등)",0.003811375721604282
Q4a2_① 전혀 만족하지 않는다,0.0037885431680391157
Q2a1_④,0.0037831225416553593
Q48_1_월 1회 미만(간헐적 또는 명절 등에만),0.0037813805154760516
Q45_3a6_③,0.0037508514055568654
Q37r3_탄소중립을 위한 교육·홍보 확대,0.0037363287845941784
Q50a6_②,0.0037337438222242447
Q59a2_③,0.0036898268360179287
"Q29_근린공원(광교호수공원, 만석공원 등)",0.003674216094161409
Q1a4_① 전혀 그렇지 않다,0.003652922801358205
"Q55m1_동호회, 스포츠 및 취미 단체, 교육 혹은 학술단체",0.003642469829132633
"Q25m4_근대거리(향교로, 구 경기도청 일원)",0.003635259643273603
Q4a8_②,0.0036277901576124982
Q4a3_②,0.0036200526099436914
H0a5n2_미혼 자녀,0.003612155048660526
Q36_1a4_① 전혀 실천하지 않는다,0.0036009317963050513
Q61_③,0.003578847612656144
DM32_영통구 영통2동,0.00356156250919204
Q45_3a4_① 매우 부족하다,0.003561233208336567
Q25m4_위에서 분류되지 않은 기타 실외공간,0.0035490941545277543
Q36_3a1_②,0.003543733575731789
Q9a4_②,0.003523817342537594
Q18a5_②,0.0035155071405936766
Q1a4_②,0.003510052634790206
Q50a3_③,0.0035058117465798233
Q2a5_②,0.003504621760632265
DM32_장안구 정자2동,0.0035026107662985417
"Q25m1_주제공원(역사공원, 수변공원, 체육공원 등)",0.0034658784818204502
Q44_1r2_친목모임,0.0034586291969662675
Q27a2_②,0.0034564627784878788
Q25m2_아파트 내(집주변) 공터,0.0034458640544974273
Q48_1_한달에 한번,0.0034285665508804186
Q7_수원시 노인 인구 증가,0.0034091666890789796
"Q35_불편하지 않으며, 동참해야 한다",0.0033895879277223706
Q33a4_②,0.0033881274954765672
Q15_5_긴 통행거리,0.003378395545219348
Q15_1_수원시 내 다른 구,0.0033275107105166235
Q2a2_⑧,0.003315200168358068
Q4a3_① 전혀 만족하지 않는다,0.0033107555321025828
Q10_1_특수고용 종사자,0.003292172145990868
DM121_특수고용 종사자,0.003292172145990868
"Q37r1_대중교통 인프라 확대 및 편의성 증진, 자전거 이용 기반시설 확충",0.003283197712393271
Q18a1_⑦ 매우 만족한다,0.003282190922630157
Q41_① 위험이 매우 커질 것이다,0.0032795087916901444
Q25m4_아파트 내(집주변) 공터,0.0032727016451095103
Q1a6_⑤,0.0032604282520272143
Q1a2_②,0.003254702005987209
DM11_기타,0.003239464653995494
Q59a4_②,0.003238796392157184
Q49a4_④ 보통,0.003233382224371084
Q25m1_캠핑장,0.0032255292930827295
DM24_19세,0.0032123754605342114
Q11a1_100~ 200만원 미만,0.0032048707384109143
Q11a2_300~ 400만원 미만,0.0031893353680638725
Q2a1_⑧,0.003185433284486283
Q36_1a1_②,0.003183416104111103
Q62_2op_노인복지,0.0031782657054231223
Q36_1a3_③,0.0031750842480549046
Q11a3_200~ 300만원 미만,0.003162249771643033
Q2a3_①,0.0031566201287569484
"Q23m1_서양 고전 음악공연 관람(클래식, 오페라 등)",0.0031473053330799416
Q21a2_③,0.003145785008927593
Q39a1_① 전혀 만족하지 않다,0.0031337779097078133
"Q25m2_근대거리(향교로, 구 경기도청 일원)",0.003129902601101353
Q8_2_500만원 이상,0.003119494726216754
Q2a5_⑥,0.0030811319577739305
Q11a2_400~ 500만원 미만,0.003073727415812577
Q2a5_ⓞ 가장 불행한 상태,0.0030725857843560966
Q1a1_②,0.003071492905115214
Q15_4_⑦ 매우 만족한다,0.003066880061693311
Q62_2op_주차장 개선,0.0030649511915883387
Q5_1_기타,0.003062492153058205
Q49a6_⑥,0.0030325926301002504
Q62_2op_없다,0.0030307298093914525
Q27a1_⑦ 매우 그렇다,0.0030188001590940594
"Q25m4_차 없는 거리(나혜석 거리, 수원역 로데오거리)",0.0030140790654660243
Q51_3a3_그렇다,0.0030107938147008184
Q51_3a3_아니다,0.002997481150488035
"Q55m1_시민단체, 지역사회단체, 학부모회, 자원봉사단체(환경이나 젠더 등 NGO, 반상회, 학교운영",0.002996959265525234
Q46_① 전혀 만족하지 않는다,0.002975553710239609
"H3_1r1_자녀 교육 환경이 좋아서(학교, 학군, 학원 등)",0.002974241022826618
"Q13_교육여건(진학, 학업, 자녀교육 등)",0.0029688949437893797
Q44a6_거의 매일,0.002963664381404829
"Q13_보건의료환경, 의료서비스 여건",0.0029611908823730104
Q50a3_⑦ 매우 동의한다,0.0029569937371127786
Q19a2_②,0.0029522008963485113
Q1a1_① 전혀 그렇지 않다,0.0029441754341195114
H0a13n3_있음,0.0029401006045826072
"Q14_1_교육환경 만족(본인, 자녀)",0.0029242386009613597
Q1a7_⑥,0.0029194839527999505
H9_1r1_거주주택 이외 부동산 마련,0.0029132021363422744
Q49a5_②,0.002875087708502644
Q60a5_②,0.002866745096308687
Q53_① 전혀 할 수 없음,0.002860603048650656
Q38a3_③,0.0028507604375564988
DM32_장안구 조원1동,0.002845854645099344
Q19a1_②,0.0028457103200483225
"Q22m2_문화행사 관람(작가와의 만남 및 강연, 전시)",0.0028219477699300555
Q32_2_녹지가 충분해서,0.0028141916964918856
"Q25m3_주제공원(역사공원, 수변공원, 체육공원 등)",0.0027784948855069658
Q59a12_① 전혀 중요하지 않다,0.0027473977541769834
Q60a9_③,0.002740280882254087
Q10_1_일용직 임금근로자,0.0026939372698540076
DM121_일용직 임금근로자,0.0026939372698540076
Q49a5_⑥,0.0026895420335946163
Q36_4a4_③,0.0026873288316608956
Q36_1a1_① 전혀 실천하지 않는다,0.0026816224833119406
Q25m1_기타 실외 체육시설,0.0026595172701253667
Q45_3a7_②,0.0026487763008384846
Q59a11_① 전혀 중요하지 않다,0.0026422276638009556
Q15_2_통근버스,0.0026327911988976993
Q36_2a1_④ 보통,0.0026305122370322565
Q26r2_기타,0.0026199503631012533
Q60a7_⑤,0.002586566118253586
Q48_2_한달에 한번,0.002575998063045759
Q10_4_외국계기업,0.002561354804397009
DM122_외국계기업,0.002561354804397009
Q62_1op_공원이 많다,0.0025540035626780977
Q19a1_① 전혀 만족하지 않는다,0.0025516434880330507
Q4a5_① 전혀 만족하지 않는다,0.0025487540838242673
Q33a2_⑦ 매우 심각하다,0.0025319982340916702
Q11a3_400~ 500만원 미만,0.0025230504931448294
Q10_2_시간제,0.0025102323155987705
Q2a5_③,0.002503155973617055
Q23m1_웹툰 감상,0.00249096728332443
Q18a1_②,0.0024894708147074063
Q59a11_③,0.002485442690914219
Q4a2_③,0.002475030989454563
H0a12n3_대학원 졸업 이상,0.002451223548338266
Q45_3a3_②,0.0024388501987493427
Q59a12_②,0.002437465983229359
Q43_① 매우 이용하기 어렵다,0.002427470720887115
Q10_5_서비스 종사자,0.0024194887220296835
DM12_서비스 종사자,0.0024194887220296835
Q45_4r2_문화 및 여가 지원,0.0024155113337642753
Q59a3_②,0.002409635089299478
Q11a2_100~ 200만원 미만,0.0023871505401458215
Q2a4_①,0.002381413536419519
DM5_별거,0.0023772230966359054
Q50a1_⑤,0.0023711566536870343
Q60a11_⑥,0.0023672960038587654
Q45_3a8_① 매우 부족하다,0.0023516809983341602
Q4a9_③,0.0023506985643098055
Q45_3a7_① 매우 부족하다,0.002343980046472627
H0a12n1_전문대 졸업,0.00231556493556484
Q17a3_① 전혀 구축되어 있지 않다,0.0023041785259478864
H9_1r1_결혼자금 마련,0.0022970913695310458
H10r1_통신비,0.0022664875015565578
Q29_(결측),0.00226125055616766
Q28_이용하지 않음,0.00226125055616766
"Q25m2_구 농촌진흥청 서울대학교 농생대(서호일원, 상상캠퍼스)",0.0022519223338530736
"Q14_1_경제적 여건(저렴한 전·월세, 낮은 물가 등)",0.002239149602550672
Q41_⑤ 위험이 많이 줄어들 것이다,0.0022334439912916615
Q11a5_300~ 400만원 미만,0.0022112844235606666
Q36_3a3_②,0.0022061259001646683
Q2a2_②,0.002197015074234532
Q56_③ 보통이다,0.0021797818768156674
Q59a10_① 전혀 중요하지 않다,0.0021622254790183426
Q38a1_②,0.0021312141926022043
Q62_1op_교통,0.0021164102342474678
Q17a1_① 전혀 구축되어 있지 않다,0.002093252595511075
Q62_2op_복지,0.0020924487475042497
Q62_2op_여성복지,0.0020746522535524115
Q44a3_일주일 이상,0.0020655598965548805
H9_1r2_거주주택 마련,0.002056647189379035
H0a11n3_이혼,0.0020423211213347336
Q60a4_②,0.0020382781712888765
Q36_2a3_②,0.0020373620752680566
Q11a6_200~ 300만원 미만,0.002026727000098205
Q44a2_거의 매일,0.0020177155033223038
Q36_4a1_⑤,0.002015118996097076
H3_1r1_가족의 자녀양육 도움을 받을 수 있어서,0.001999306407400425
SCORE2_불만족,0.0019934500898011187
Q62_1op_지역화폐,0.001990345429644602
Q45_1_기타(노숙자 및 이주민 등),0.001983211128300688
Q33a6_⑥,0.001960934331508124
Q49a1_① 전혀 신뢰하지 않는다,0.001958694554525575
Q33a5_③,0.0019540791890966247
Q2a5_⑩ 가장 행복한 상태,0.0019313470666166843
Q1a7_⑦ 매우 그렇다,0.0019189896312292731
Q1a2_① 전혀 그렇지 않다,0.00189329758935175
H10r2_의류구입비,0.0018801722983026181
Q15_5_주차공간 부족,0.0018772066091092832
Q62_1op_환경,0.0018768891656661957
Q46_⑦ 매우 만족한다,0.0018665897328715708
Q27a2_③,0.0018472725168128257
Q60a3_②,0.0017970327932785857
Q44_1r1_외부기관 요청(상담 등),0.0017866458735396051
Q62_1op_치안,0.001770556001271295
"Q35_불편하며, 동참할 필요성이 없다",0.001767406344081568
Q62_1op_주거지원,0.0017663485963947956
Q60a10_②,0.001756944001851668
Q32_2_기타,0.00172705059860645
H10r1_의료비,0.0017132758740054932
DM14_ⓞ 최하,0.0017093252604123421
Q52_ⓞ 최하,0.0017093252604123421
Q25m3_위에서 분류되지 않은 기타 실외공간,0.0016977881825819274
Q17a5_⑥,0.0016932626754604385
Q4a4_②,0.0016886967925433538
"H3_1r2_안전해서(치안, 유해시설, 폭력, 교통안전 등)",0.0016822198635288999
Q18a3_③,0.0016741542066696091
Q45_3a5_③,0.0016597223302916575
Q46_②,0.0016359125251739215
"Q16_개인형 이동수단(전동 휠, 킥보드, 전기자전거 등 전기 동력을 이용한 개인이동수단)",0.0016129017632646736
Q33a1_③,0.0015986836493167011
Q2a2_⑩ 가장 행복한 상태,0.0015415511718837038
Q61_⑦ 매우 만족한다,0.0015338750089384234
Q62_1op_교육,0.0015321737113036527
Q54a2_정기적으로 진행했다,0.001525248664984602
Q62_1op_노인복지,0.001496007391522447
Q57_⑦ 매우 자부심을 느낀다,0.001477337868001083
"Q8_1m1_개인연금(주택연금, 연금저축 등)",0.0014592227544003578
Q60a9_① 전혀 중요하지 않다,0.0014531826627810496
Q15_4_②,0.0014472546145105625
"H7_무상(사택, 관사 등)",0.0014397746401013656
Q38a5_②,0.0014218478470402474
Q36_3a3_① 전혀 실천하지 않는다,0.0013875819963660163
Q18a1_③,0.0013707515447674012
Q11a4_200~ 300만원 미만,0.0013434841995088043
Q2a3_ⓞ 가장 불행한 상태,0.001340940616508135
Q11a1_500만원 이상,0.0013374153004037659
Q62_1op_복지정책,0.0013319108298519566
"Q14_1_쾌적한 자연환경(공원, 녹지 등)",0.0013266554881838921
Q11a2_200~ 300만원 미만,0.0013216734049548151
Q11a6_소득  없음,0.0013143290547894537
Q62_1op_주거,0.0013071053708544333
Q39a2_① 전혀 만족하지 않다,0.001299690326765468
Q2a2_③,0.0012916118835941681
Q11a4_400~ 500만원 미만,0.0012885986301669483
Q62_2op_노후주택 개선,0.0012876496531988302
Q8_2_100만원 미만,0.0012811392646283615
Q25m3_재래시장,0.001279188492504968
Q36_4a4_⑥,0.0012759352930804546
Q17a3_②,0.0012578093461077522
H10r2_대중교통비,0.0012479962116391796
Q49a4_⑦ 매우 신뢰한다,0.00123928303976939
Q17a4_②,0.0012378351889852368
Q50a4_⑦ 매우 동의한다,0.001227094624139724
Q26r1_여가활동을 하기에 건강이 좋지 않음,0.0012182027620619706
Q59a6_②,0.0011879264901835107
Q17a1_③,0.0011740371064621336
H2a1_① 매우 부정적,0.0011673408378580774
Q18a5_① 전혀 만족하지 않는다,0.0011490932832627365
Q59a9_① 전혀 중요하지 않다,0.0011284793454251485
Q44_1r2_외부기관 요청(상담 등),0.00111795540485371
Q45_4r1_문화 및 여가 지원,0.0010979837195081998
Q2a3_⑩ 가장 행복한 상태,0.0010924882097529398
Q59a8_②,0.0010869418852750279
DM12_장치·기계 조작 및 조립 종사자,0.0010810002036802935
Q10_5_장치·기계 조작 및 조립 종사자,0.0010810002036802935
Q62_2op_안전,0.0010736916018241338
Q11a5_400~ 500만원 미만,0.0010558644784741666
H9_1r1_교육비 마련,0.001055051729251577
Q4a2_②,0.0010510117674855657
Q18a4_① 전혀 만족하지 않는다,0.0010502959587563865
Q4a8_① 전혀 만족하지 않는다,0.0010356078451358997
Q49a2_②,0.001030796434310144
Q5_1_결혼 및 가족에 대한 가치관 변화,0.0010221847112847904
H0a11n1_별거,0.0010132513639500296
Q15_5_도로 혼잡,0.0010097835478828365
Q26r2_여가활동에 필요한 장비 부족,0.0010083079210025936
Q62_2op_도로정비,0.0010003137065153211
Q17a1_②,0.0009728302502804986
Q59a4_① 전혀 중요하지 않다,0.0009674214533044179
Q59a8_① 전혀 중요하지 않다,0.000965461778343002
Q2a2_①,0.0009594174649167897
H7_기타,0.000950360004813966
Q45_3a1_① 매우 부족하다,0.0009481543465681419
Q18a3_① 전혀 만족하지 않는다,0.0009392395144978138
Q62_1op_공원,0.000936930615568432
Q4a7_②,0.0009076038978230727
Q59a2_① 전혀 중요하지 않다,0.0009002284449817211
Q37r1_탄소중립을 위한 교육·홍보 확대,0.00089024847048913
Q4a1_③,0.0008848725227497134
Q50a4_① 전혀 동의하지 않는다,0.000868352596319788
DM32_영통구 망포2동,0.0008679005920959604
Q11a3_500만원 이상,0.0008671425979440706
Q14_1_기타,0.0008508874520645193
H2a1_④,0.000842237128936052
Q54a1_비정기적으로 진행했다,0.0008135119836287785
Q52_⑩ 최상,0.0008012835300394983
DM14_⑩ 최상,0.0008012835300394983
Q25m4_재래시장,0.0007784321715358367
Q59a1_②,0.0007468930944751762
Q11a6_100~ 200만원 미만,0.0007170952116419826
"Q45_2_기초생활 지원(긴급복지, 의료급여, 노숙인 지원 등)",0.0007131488032467992
Q50a5_⑤,0.0007075893583365911
Q62_2op_주거환경,0.0006983559996127653
Q25m3_산림욕장,0.0006701864234561761
Q59a8_⑥,0.0006686973566036869
Q62_2op_저출산,0.000658712225486191
Q36_4a2_① 전혀 실천하지 않는다,0.0006265792135544679
Q11a6_500만원 이상,0.000622433967784719
DM12_기타,0.0006176892532248068
Q10_5_기타,0.0006176892532248068
Q4a7_① 전혀 만족하지 않는다,0.0006054581391321534
Q25m2_식물원,0.0006053273532877768
Q45_3a1_③,0.0005997167099036638
Q49a2_⑦ 매우 신뢰한다,0.0005898311791820987
Q25m2_산림욕장,0.0005762527629098457
Q45_2_기타,0.0005758592387223871
Q60a2_②,0.000548230416614448
"Q23m1_박물관 관람(역사, 일상생활, 문화 등)",0.0005403526366896116
Q61_②,0.0005381274256563984
H10r2_공교육비,0.0005349099181568562
Q45_3a8_②,0.0005266608771412606
Q59a2_②,0.0005266043678404664
H0a5n2_기혼자녀 및 그 배우자,0.0005187383030342829
Q2a2_④,0.0005100012105621055
Q62_2op_노인 복지,0.0005095268753789739
Q62_2op_일자리,0.0005093205936250733
Q49a6_②,0.00047729078616054466
Q11a4_500만원 이상,0.0004654848871190609
"H0a5n2_본인 또는 배우자의 형제, 자매",0.00044548729634685813
"Q25m3_구 농촌진흥청 서울대학교 농생대(서호일원, 상상캠퍼스)",0.00040524562293819955
DM32_영통구 매탄3동,0.0004042474809651253
Q62_1op_녹지,0.00039558936566885805
Q15_2_기타,0.0003712554628618747
Q36_1a3_① 전혀 실천하지 않는다,0.00035422889812997127
Q1a6_③,0.00033951738609871995
Q59a6_① 전혀 중요하지 않다,0.00032582949514781134
Q36_1a2_⑤,0.00030323970589662963
Q38a2_① 전혀 안전하지 않다,0.0002964675458332344
Q1a3_②,0.00028638624801935464
Q7_기타,0.00028540732460857754
Q18a2_① 전혀 만족하지 않는다,0.00028161624431977117
H9_1r2_의료비 마련,0.00027706226007584434
Q10_1_무급가족종사자,0.000272167792428224
DM121_무급가족종사자,0.000272167792428224
Q60a7_③,0.0002688605546543599
DM14_②,0.00025454093375998355
Q52_②,0.00025454093375998355
Q47a1_비해당,0.0002464234777050933
Q44a3_거의 매일,0.00021265174928064567
Q25m1_학교운동장,0.00018338822497110385
Q62_1op_아동복지,0.00018219135273778164
Q62_2op_주차시설,0.00015162133482116147
Q49a6_① 전혀 신뢰하지 않는다,0.00012913775307410447
Q50a5_②,0.00012249509505313227
"Q55m1_사회적 경제조직 (사회적 기업, 협동조합, 마을기업 등)",0.00010961070682480312
Q15_2_택시,0.00010470489831471141
"Q23m1_전통예술공연 관람(국악, 민속놀이 등)",9.926941018312263e-05
H0a5n1_기타,8.706590867246788e-05
H0a11n2_미혼,7.453739888019228e-05
Q62_1op_교통정책,6.761602502214359e-05
Q62_1op_대중교통,5.980464453347878e-05
Q2a2_⑤ 보통,5.2449000722987194e-05
"Q10_4_시민단체, 사회적기업, 협동조합 등",5.1149060509292354e-05
"DM122_시민단체, 사회적기업, 협동조합 등",5.1149060509292354e-05
Q1a4_⑤,4.2225377610893844e-05
Q49a5_⑤,3.717296201299902e-05
H0a5n3_본인의 배우자,1.2106284855484262e-05
H10r3_공교육비,8.699422780367172e-06
Q8_2_200-300만원 미만,0.0
Q9a2_④,0.0
Q62_2op_아동복지,0.0
Q62_2op_생활체육시설 증설,0.0
Q9a3_④,0.0
Q62_2op_비행기 소음,0.0
Q10_5_판매 종사자,0.0
H3_1r1_기타,0.0
"H3_1r1_이웃, 공동체의 자녀양육 도움을 받을 수 있어서",0.0
DM13_400만원 이상 ~ 500만원 미만,0.0
Q10_4_기타,0.0
Q10_5_농림·어업 숙련 종사자,0.0
Q9a4_④,0.0
Q10_5_군인,0.0
"Q10_4_정부, 지방자치단체 기관",0.0
DM1_여자,0.0
DM1_남자,0.0
Q10_1_고용원이 있는 고용주,0.0
Q62_2op_주거환경 개선,0.0
Q62_2op_주차,0.0
Q10_1_임시직 임금근로자,0.0
Q62_2op_환경,0.0
Q62_2op_치안,0.0
Q9a5_④,0.0
H2a1_②,0.0
H3a2_⑤ 전혀 그렇지 않다,0.0
H3a2_② 대체로 그렇다,0.0
Q62_1op_문화,0.0
Q62_1op_도로정비,0.0
Q11a3_300~ 400만원 미만,0.0
H0a5n3_본인 또는 배우자의 부모(장인/장모/시부모),0.0
H0a5n3_기혼자녀 및 그 배우자,0.0
H0a11n2_이혼,0.0
H0a11n2_별거,0.0
Q62_1op_교통편리,0.0
H0a5n2_본인 또는 배우자의 조부모,0.0
Q11a4_300~ 400만원 미만,0.0
Q62_1op_공원조성,0.0
H0a5n2_기타,0.0
H0a13n1_있음,0.0
H0a13n1_없음,0.0
"H0a5n1_본인 또는 배우자의 형제, 자매",0.0
H0a5n1_본인 또는 배우자의 조부모,0.0
Q11a5_100~ 200만원 미만,0.0
Q11a5_200~ 300만원 미만,0.0
Q0a3,0.0
Q61_⑤,0.0
Q11a5_500만원 이상,0.0
Q62_1op_문화재 관리,0.0
Q62_1op_복지,0.0
DM16_기타가구,0.0
DM14_⑥,0.0
Q62_2op_노인일자리,0.0
Q11a1_100만원 미만,0.0
H3a1_⑤ 전혀 그렇지 않다,0.0
Q62_2op_교통체증,0.0
DM13_소득 없음,0.0
Q11a1_400~ 500만원 미만,0.0
H2a2_②,0.0
DM14_③,0.0
H2a2_① 매우 부정적,0.0
Q11a2_500만원 이상,0.0
Q62_1op_안전,0.0
DM14_⑦,0.0
H3_1r2_기타,0.0
Q11a3_100~ 200만원 미만,0.0
DM14_⑨,0.0
H0a11n3_사별,0.0
"H0a11n3_기혼(배우자 있음, 사실혼 포함)",0.0
Q62_1op_자연환경,0.0
Q11a3_100만원 미만,0.0
H0a5n3_손자녀 및 그 배우자,0.0
H3_1r2_가족의 자녀양육 도움을 받을 수 있어서,0.0
"H3_1r2_편의시설이 좋아서(의료, 문화, 쇼핑 등)",0.0
"H3_1r2_이웃, 공동체의 자녀양육 도움을 받을 수 있어서",0.0
H10r1_의류구입비,0.0
Q2a1_①,0.0
Q2a1_③,0.0
Q2a1_⑦,0.0
Q2a1_ⓞ 가장 불행한 상태,0.0
DM12_군인,0.0
H10r1_기타,0.0
Q2a3_②,0.0
Q2a3_④,0.0
Q2a3_⑦,0.0
DM12_농림·어업 숙련 종사자,0.0
H10r1_경조사비,0.0
H9_1r1_증권 등 투자금 마련,0.0
Q2a4_②,0.0
H9_1r1_의료비 마련,0.0
DM32_팔달구 우만2동,0.0
Q2a4_③,0.0
DM32_팔달구 고등동,0.0
Q2a4_⑥,0.0
H9_1r1_사업자금(영농자금 포함)마련,0.0
Q2a4_⑦,0.0
DM12_판매 종사자,0.0
Q2a4_ⓞ 가장 불행한 상태,0.0
Q2a5_④,0.0
H10r1_대중교통비,0.0
Q1a7_⑤,0.0
Q3_경제적 풍요,0.0
Q1a7_③,0.0
H10r2_생필품 구입비,0.0
H10r3_기타,0.0
H10r3_대중교통비,0.0
H10r3_문화생활/오락비,0.0
H10r3_생필품 구입비,0.0
"H10r3_주거비(월세, 이자, 공과금 포함)",0.0
Q0a5_기타,0.0
Q1a1_③,0.0
H10r2_문화생활/오락비,0.0
Q1a2_③,0.0
Q1a2_⑤,0.0
H10r2_기타,0.0
Q1a3_⑤,0.0
Q1a3_⑦ 매우 그렇다,0.0
Q1a4_③,0.0
DM7_20~30년 미만,0.0
Q1a5_②,0.0
Q1a5_⑤,0.0
Q1a5_⑥,0.0
DM6_기타,0.0
Q1a6_④ 보통,0.0
"H10r1_차량유지비(할부, 리스 포함)",0.0
Q1a7_②,0.0
Q2a5_⑦,0.0
Q3_기타,0.0
Q8_1m2_주택규모를 줄여서 발생하는 수익 활용,0.0
Q4a10_① 전혀 만족하지 않는다,0.0
"Q5_1_일-가족 양립 여건과 환경 미흡(육아휴직, 보육 등)",0.0
Q5_1_자녀양육 부담(교육비 포함),0.0
"DM122_정부, 지방자치단체 기관",0.0
H5_있다,0.0
H5_없다,0.0
Q5_1_주거비 부담(비싼 주택가격),0.0
"Q6_교육 및 돌봄 지원(어린이집, 유치원 등) 강화",0.0
Q6_난임 지원 강화,0.0
"Q6_양육비용 지원(보육료, 유아학비지원, 부모급여 등) 증가",0.0
"Q6_일·가정 양립을 위한 지원제도(육아휴직, 유연근무제 등) 확충",0.0
Q7_수원시 내 저출생,0.0
Q7_수원시 청년 인구 감소,0.0
Q7_타 지역으로 인구 유출,0.0
H10r2_식비(외식비 포함),0.0
"Q8_1m1_국민연금, 사립교원연금, 공무원연금, 군인연금",0.0
Q8_1m1_기타,0.0
"Q8_1m1_보험(종신보험, 암보험 등)",0.0
Q8_1m1_부동산 투자,0.0
"Q8_1m1_은행 저축(적금, 예금, 주식, 펀드 등)",0.0
Q8_1m1_주택규모를 줄여서 발생하는 수익 활용,0.0
Q8_1m2_(결측),0.0
"Q8_1m2_개인연금(주택연금, 연금저축 등)",0.0
Q8_1m2_부동산 투자,0.0
Q4a10_②,0.0
Q4a9_⑤,0.0
Q3_자신의 능력 개발,0.0
Q4a9_① 전혀 만족하지 않는다,0.0
Q3_정신적인 성숙,0.0
Q3_취미생활/여가,0.0
H9_1r1_부채상환,0.0
DM121_고용원이 있는 고용주,0.0
Q4a1_⑤,0.0
H9_1r1_기타,0.0
Q4a2_⑤,0.0
Q4a2_⑥,0.0
Q4a4_① 전혀 만족하지 않는다,0.0
H8_소득 없음,0.0
DM121_임시직 임금근로자,0.0
H8_400만원 이상 ~ 500만원 미만,0.0
DM32_권선구 금곡동,0.0
Q4a5_②,0.0
H7_사글세,0.0
Q4a5_⑤,0.0
DM32_권선구 곡선동,0.0
Q4a6_① 전혀 만족하지 않는다,0.0
Q4a6_②,0.0
Q4a6_⑤,0.0
DM122_기타,0.0
H7_보증금 없는 월세,0.0
Q4a7_⑤,0.0
Q45_4r1_일상생활 지원,0.0
Q17a4_① 전혀 구축되어 있지 않다,0.0
Q11a6_100만원 미만,0.0
Q50a5_① 전혀 동의하지 않는다,0.0
Q36_3a2_⑤,0.0
Q36_3a3_④ 보통,0.0
Q36_3a3_⑤,0.0
Q36_4a1_① 전혀 실천하지 않는다,0.0
Q36_4a1_⑥,0.0
Q36_4a2_③,0.0
Q36_4a2_⑤,0.0
Q50a6_⑤,0.0
Q50a6_④ 보통,0.0
Q36_4a3_① 전혀 실천하지 않는다,0.0
Q36_4a3_⑤,0.0
Q36_4a4_① 전혀 실천하지 않는다,0.0
"Q37r1_에너지 절약 건축물 도입 지원(에너지절약 건축물로 신축·개축·리모델링 유도, 기존 건축",0.0
Q37r1_친환경차 보급 및 충전인프라 확대,0.0
Q37r1_폐기물 재활용 확대,0.0
Q50a2_③,0.0
Q50a4_⑤,0.0
Q37r2_물 재이용 확대,0.0
"Q37r2_에너지 절약 건축물 도입 지원(에너지절약 건축물로 신축·개축·리모델링 유도, 기존 건축",0.0
Q50a4_②,0.0
Q37r2_친환경차 보급 및 충전인프라 확대,0.0
Q37r2_탄소 흡수원으로서 공원 및 녹지조성 확대,0.0
Q50a3_⑤,0.0
Q50a3_④ 보통,0.0
Q37r2_폐기물 재활용 확대,0.0
"Q37r3_‘재생에너지’(태양열, 풍력 등 청정에너지) 확대",0.0
Q37r3_물 재이용 확대,0.0
"Q37r3_에너지 절약 건축물 도입 지원(에너지절약 건축물로 신축·개축·리모델링 유도, 기존 건축",0.0
Q37r3_폐기물 재활용 확대,0.0
Q50a2_⑤,0.0
Q36_3a2_④ 보통,0.0
Q36_3a1_⑥,0.0
Q36_2a2_비해당,0.0
Q36_2a2_④ 보통,0.0
Q32_2_치안이 잘 되어 있고 안전해서(범죄노출 등),0.0
Q53_⑦ 완벽하게 할 수 있음,0.0
Q53_⑥,0.0
Q32_2_쾌적하고 깨끗해서,0.0
Q53_③,0.0
Q33a1_⑤,0.0
Q33a1_⑥,0.0
Q52_⑨,0.0
Q33a1_⑦ 매우 심각하다,0.0
Q52_⑦,0.0
Q52_⑥,0.0
Q33a2_④ 보통,0.0
Q33a2_⑥,0.0
Q52_③,0.0
Q33a3_⑤,0.0
Q33a3_⑥,0.0
Q33a4_④ 보통,0.0
Q33a4_⑤,0.0
Q33a4_⑥,0.0
Q33a5_⑤,0.0
Q33a5_⑥,0.0
Q33a6_④ 보통,0.0
Q33a6_⑤,0.0
Q36_1a1_⑤,0.0
Q36_1a2_① 전혀 실천하지 않는다,0.0
Q36_1a2_③,0.0
Q36_1a2_⑥,0.0
Q36_1a4_②,0.0
Q36_1a4_⑤,0.0
Q38a1_⑤,0.0
Q38a2_②,0.0
Q11a6_300~ 400만원 미만,0.0
Q45_3a3_⑤,0.0
"Q44_1r2_헬스, 운동과 같은 신체활동",0.0
Q49a1_③,0.0
Q49a1_②,0.0
Q45_1_여성 대상 시설(여성가족회관 등),0.0
Q48_2_일주일에 한번,0.0
Q48_2_이주일에 한번,0.0
Q48_2_월 1회 미만(간헐적 또는 명절 등에만),0.0
"Q45_1_장애인 대상 시설(장애인주간보호시설, 장애인복지관 등)",0.0
Q48_1_일주일에 한번,0.0
Q48_1_이주일에 한번,0.0
"Q45_2_장애인 지원(장애인 생활안정지원, 장애인활동지원 등)",0.0
Q45_3a1_②,0.0
Q45_3a2_②,0.0
Q45_3a2_③,0.0
Q47a2_비해당,0.0
Q38a2_⑤,0.0
Q45_3a4_②,0.0
Q45_3a5_②,0.0
Q46_⑤,0.0
Q45_3a5_④ 보통,0.0
Q45_3a5_⑤,0.0
Q45_3a6_②,0.0
Q45_3a7_③,0.0
Q45_4r2_정신건강 및 심리정서 지원,0.0
Q45_4r2_일자리 지원,0.0
Q45_4r2_일상생활 지원,0.0
Q45_4r2_안정 및 권익보장 지원,0.0
Q45_4r2_신체건강 및 보건의료 지원,0.0
Q45_3a7_⑤,0.0
Q45_4r2_보육 및 교육 지원,0.0
Q44_1r2_기타,0.0
"Q44_1r1_헬스, 운동과 같은 신체활동",0.0
Q49a2_① 전혀 신뢰하지 않는다,0.0
Q49a2_③,0.0
Q38a3_① 전혀 안전하지 않다,0.0
Q38a3_②,0.0
Q38a4_① 전혀 안전하지 않다,0.0
Q38a4_②,0.0
Q38a4_⑤,0.0
Q50a1_① 전혀 동의하지 않는다,0.0
Q49a6_⑦ 매우 신뢰한다,0.0
Q38a5_① 전혀 안전하지 않다,0.0
Q38a5_③,0.0
Q38a5_④ 보통,0.0
Q38a5_⑤,0.0
Q39a1_②,0.0
Q49a5_④ 보통,0.0
Q39a2_②,0.0
Q39a2_⑤,0.0
Q40_① 위험이 매우 커졌다,0.0
Q49a4_⑤,0.0
Q42_⑤ 매우 나쁘다,0.0
Q43_② 다소 이용하기 어렵다,0.0
Q44a5_일주일 미만,0.0
Q44a6_일주일 이상,0.0
Q49a3_⑥,0.0
Q49a3_⑤,0.0
Q49a3_④ 보통,0.0
Q49a3_③,0.0
Q44_1r1_기타,0.0
Q49a2_⑥,0.0
Q49a2_⑤,0.0
"Q44_1r1_취미활동(독서, 영화감상, 여행 등)",0.0
Q32_④ 다소 만족한다,0.0
Q32_① 매우 불만족한다,0.0
"Q55m1_노동조합, 직장협의회, 사업자단체 또는 직업조합",0.0
Q18a6_① 전혀 만족하지 않는다,0.0
Q60a4_③,0.0
Q60a4_① 전혀 중요하지 않다,0.0
Q17a6_① 전혀 구축되어 있지 않다,0.0
Q18a2_②,0.0
Q18a2_③,0.0
Q60a2_⑥,0.0
Q18a3_⑤,0.0
Q60a2_① 전혀 중요하지 않다,0.0
Q18a4_②,0.0
Q18a4_⑥,0.0
Q18a5_⑤,0.0
Q60a1_③,0.0
Q60a1_②,0.0
Q60a1_① 전혀 중요하지 않다,0.0
Q59a12_⑥,0.0
Q30a2_산책이나 달리기,0.0
Q59a12_⑤,0.0
Q19a1_③,0.0
Q19a2_① 전혀 만족하지 않는다,0.0
Q19a2_③,0.0
Q21a1_③,0.0
Q21a1_④ 보통,0.0
Q21a1_⑤,0.0
Q21a1_⑦ 매우 충분하다,0.0
Q21a2_⑤,0.0
"Q22m1_무용공연 관람(현대무용, 발레 등)",0.0
"Q22m1_문화행사 관람(작가와의 만남 및 강연, 전시)",0.0
"Q22m1_박물관 관람(역사, 일상생활, 문화 등)",0.0
"Q22m1_전통예술공연 관람(국악, 민속놀이 등)",0.0
"Q22m2_극장에서 영화 관람(TV, 컴퓨터를 이용한 영화 제외)",0.0
Q17a5_②,0.0
Q17a5_① 전혀 구축되어 있지 않다,0.0
Q60a4_⑥,0.0
Q45_4r1_안정 및 권익보장 지원,0.0
Q60a11_⑤,0.0
Q11a6_400~ 500만원 미만,0.0
Q60a11_③,0.0
Q60a11_① 전혀 중요하지 않다,0.0
Q13_기타,0.0
"Q13_주택(주택구입, 계약만료, 재개발 등)",0.0
Q14_1_의료인프라 만족,0.0
Q60a10_① 전혀 중요하지 않다,0.0
Q14_1_일자리 만족,0.0
Q14_1_편리한 생활·문화·교육 인프라,0.0
Q15_2_도보 이동,0.0
Q60a9_②,0.0
Q15_2_자전거(무동력),0.0
Q60a8_⑥,0.0
Q15_5_기타,0.0
Q15_5_대중교통 운행횟수 부족(배차간격),0.0
Q60a8_① 전혀 중요하지 않다,0.0
Q15_5_없음,0.0
Q60a7_②,0.0
Q60a7_① 전혀 중요하지 않다,0.0
Q16_기타,0.0
Q16_도보 이동,0.0
Q16_자전거(무동력),0.0
Q16_택시,0.0
Q60a6_① 전혀 중요하지 않다,0.0
Q17a2_① 전혀 구축되어 있지 않다,0.0
Q17a2_②,0.0
Q17a3_⑤,0.0
Q60a5_③,0.0
"Q22m2_대중공연 관람(쇼, 콘서트, 마술쇼 등)",0.0
"Q22m2_서양 고전 음악공연 관람(클래식, 오페라 등)",0.0
"Q22m2_야외문화행사(축제, 거리예술, 공공예술 등 관람)",0.0
"Q25m4_구 농촌진흥청 서울대학교 농생대(서호일원, 상상캠퍼스)",0.0
Q59a3_① 전혀 중요하지 않다,0.0
Q25m4_산(자연공원 포함),0.0
Q25m4_산림욕장,0.0
Q25m4_생활권공원(근린공원，소공원，어린이공원 등),0.0
"Q25m4_수원화성(행궁, 행리단길, 화성성곽)",0.0
Q25m4_캠핑장,0.0
Q26r1_기타,0.0
Q26r1_여가활동 관련 정보 부족,0.0
Q26r1_여가활동에 필요한 장비 부족,0.0
Q26r1_여가활동을 같이 할 사람이 없음,0.0
Q59a1_① 전혀 중요하지 않다,0.0
Q26r1_여가활동을 위한 여유시간이 없음,0.0
Q26r2_여가활동 관련 정보 부족,0.0
Q58_② 없는 편이다,0.0
Q26r2_여가활동을 하기에 경제적 여유가 없음,0.0
Q26r2_활동에 적합한 장소나 시설 부족,0.0
Q27a1_③,0.0
Q57_③,0.0
Q57_②,0.0
Q27a1_⑤,0.0
Q28_1주일에 1~3회,0.0
Q28_6개월에 1~3회,0.0
Q29_기타,0.0
Q29_산림(광교산 등),0.0
Q30a1_기타,0.0
Q55m1_정당이나 정치단체,0.0
Q30a1_이용 안함,0.0
Q30a2_기타,0.0
Q30a2_맨손체조나 공원 내 운동기구 이용,0.0
Q25m4_기타 실외 체육시설,0.0
"Q25m3_차 없는 거리(나혜석 거리, 수원역 로데오거리)",0.0
Q59a10_②,0.0
Q59a3_⑤,0.0
Q22m2_연극공연 관람(뮤지컬 포함),0.0
"Q23m1_무용공연 관람(현대무용, 발레 등)",0.0
"Q23m1_문화행사 관람(작가와의 만남 및 강연, 전시)",0.0
"Q23m1_미술관, 전시회 관람(미술, 사진, 건축, 디자인 등)",0.0
Q23m1_연극공연 관람(뮤지컬 포함),0.0
Q25m1_골프장,0.0
"Q25m1_구 농촌진흥청 서울대학교 농생대(서호일원, 상상캠퍼스)",0.0
Q25m1_산림욕장,0.0
"Q25m1_수원화성(행궁, 행리단길, 화성성곽)",0.0
Q25m1_아파트 내(집주변) 공터,0.0
Q25m1_위에서 분류되지 않은 기타 실외공간,0.0
Q25m2_골프장,0.0
Q25m2_기타 실외 체육시설,0.0
Q59a7_②,0.0
Q59a7_① 전혀 중요하지 않다,0.0
Q59a6_⑤,0.0
Q25m2_위에서 분류되지 않은 기타 실외공간,0.0
Q25m2_재래시장,0.0
"Q25m2_차 없는 거리(나혜석 거리, 수원역 로데오거리)",0.0
Q59a5_⑥,0.0
Q25m3_골프장,0.0
"Q25m3_근대거리(향교로, 구 경기도청 일원)",0.0
Q25m3_기타 실외 체육시설,0.0
Q59a5_① 전혀 중요하지 않다,0.0
Q25m3_산(자연공원 포함),0.0
Q59a4_⑥,0.0
Q59a4_⑤,0.0
Q59a4_③,0.0
"Q25m3_수원화성(행궁, 행리단길, 화성성곽)",0.0
gender,0.0
